X,Y,OBJECTID,FACILITYID,NAME,OWNER,OWNTYPE,SUBTYPEFIELD,FEATURECODE,FULLADDR,CITY,STATE,ZIPCODE,PHONE,LOCATIONTYPE,CAPTUREMETH,DESCRIPT,OPERDAYS,OPERHOURS,PARKURL,DESCRIPT2,PARKAREA,SHELTERURL,NUMPARKING,ARTSTUDIO,BALLFIELDS,BEACH,BOATRAMP,CANOELAUNCH,COMMUNITYCENTER,COMPUTERLAB,CONCESSION,DOGPARK,FITNESSFACILITY,GOLF,GRILLS,GYM,OUTDOORFITNESS,PIER,SHUFFLECOURTS,PLAYGROUND,POOL,RESTROOMS,SHELTERS,TENNIS,IMPROVEDTRAILS,DOGBEACH,BASKETCOURTS,RACQUETCOURTS,NATURALTRAILS,DISCGOLF,SKATEPARK,SPLASHPAD,ATHLETICFIELD,SANDCOURTS,BANDSHELL,CEMETERY,MARINA,PARKALIAS,SHELTERMAP,GlobalID,created_user,created_date,last_edited_user,last_edited_date,USNG
-82.456200977219581,27.954345832463417,39335,73,Kid Mason Community Center,Tampa,Municipal,820,Community / Recreation Center,1101 N Jefferson Street,Tampa,FL,33602,813-274-8366,Building,Placed on Map,,Everyday,N/A,http://www.tampagov.net/parks-and-recreation,,,,,No,No,No,No,No,Yes,Yes,No,No,No,No,No,No,No,No,No,No,No,Yes,No,No,No,No,No,No,No,No,No,No,No,No,No,No,No,,N/A,{D542A87B-0B42-4EB7-A8BB-019B627174D0},,,DPD3,2015-01-12T16:33:44.000Z,17R LL 567 929
-82.469223791393091,27.967259862039608,39379,104,Phillips Park,Tampa,Municipal,820,Park,751 W Columbus Dr,Tampa,FL,33602,,Parcel,Placed on Map,,Everyday,N/A,http://www.tampagov.net/parks-and-recreation,,,,,No,No,No,No,No,No,No,No,No,No,No,No,No,No,No,No,No,No,No,No,No,Yes,No,No,No,No,No,No,No,No,No,No,No,No,,N/A,{B5A590FE-555F-43A4-BEC0-0281569D71ED},,,DPD3,2015-01-12T16:33:44.000Z,17R LL 554 944
-82.368180263345195,28.111569420700985,39362,92,New Tampa Nature Park,Tampa,Municipal,820,Park,17001 Dona Michelle Drive,Tampa,FL,33647,,Parcel,Placed on Map,,Everyday,N/A,http://www.tampagov.net/parks-and-recreation,,,,,No,No,No,No,No,No,No,No,No,No,No,No,No,No,No,No,No,No,No,No,No,Yes,No,No,No,Yes,No,No,No,No,No,No,No,No,,N/A,{62EE7313-4637-497D-BECF-031497FE6BFC},,,dp43,2015-10-16T13:50:11.000Z,17R LM 656 103
-82.514050587752166,27.91942129632714,39478,207,Friendship Center,Tampa,Municipal,820,Community / Recreation Center,4124 W Bay to Bay Blvd,Tampa,FL,33629,813-832-1200,,,,,,http://www.tampagov.net/parks-and-recreation,,,,,No,No,No,No,No,Yes,No,No,No,No,No,No,No,No,No,No,No,No,Yes,No,No,No,No,No,No,No,No,No,No,No,No,No,No,No,,,{C31F2D1A-BA99-4AFD-8611-03D8A53A9200},rck8,2014-08-19T15:34:42.000Z,DPD3,2015-01-12T16:33:44.000Z,17R LL 510 891
-82.465069940846291,27.97838666858733,39364,16,Calvin Taylor Park,Tampa,Municipal,820,Park,611 W  Indiana Ave,Tampa,FL,33603,813-274-7433,Parcel,Placed on Map,"The Calvin Taylor Park is home to the Taylor Art Studio, which offers many art and craft classes for children and adults. Classes include glass fusion, jewelry making, pottery, and much more.",Everyday,Sunrise to Sunset,http://www.tampagov.net/parks-and-recreation,,,,,Yes,Yes,No,No,No,No,No,No,No,No,No,No,No,No,No,No,Yes,No,Yes,Yes,No,No,No,Yes,No,No,No,No,No,Yes,No,No,No,No,,N/A,{4D1CEFF0-F5DA-497B-96C0-0637065527B2},,,DPD3,2015-01-12T16:33:44.000Z,17R LL 559 956
-82.425517879915333,28.006003357001358,39348,153,Woodland Terrace Park,Tampa,Municipal,820,Park,6410 N 32nd St,Tampa,FL,33610,813-231-5211,Parcel,Placed on Map,,Everyday,N/A,http://www.tampagov.net/parks-and-recreation,,,,,No,Yes,No,No,No,Yes,Yes,No,No,Yes,No,No,No,Yes,No,No,Yes,No,Yes,Yes,No,Yes,No,Yes,No,No,No,No,No,Yes,No,No,No,No,Gwen Miller Center,N/A,{F7263D32-42E0-4F24-AA9D-06F11F65D879},,,DPD3,2015-01-12T16:33:44.000Z,17R LL 598 986
-82.451934612119302,27.97508883753413,39363,14,Borrell Park,Tampa,Municipal,820,Park,808 E 26th Ave,Tampa,FL,33603,,Parcel,Placed on Map,,Everyday,N/A,http://www.tampagov.net/parks-and-recreation,N/A,,,,No,No,No,No,No,No,No,No,No,No,No,No,No,No,No,No,Yes,No,Yes,Yes,No,No,No,No,No,No,No,No,No,No,No,No,No,No,,N/A,{14670DC9-4CEA-4FF6-8E9E-0712700C29BC},,,DPD3,2015-01-12T16:33:44.000Z,17R LL 572 952
-82.422137639273942,27.991834175570862,39492,221,Fair Oaks Center,Tampa,Municipal,820,Community / Recreation Center,5019 N 34th St,Tampa,FL,33610,813-231-5277,Parcel,Placed on Map,,,,http://www.tampagov.net/parks-and-recreation,,,,,No,No,No,No,No,Yes,Yes,No,No,Yes,No,No,No,No,No,No,No,No,Yes,No,No,No,No,No,No,No,No,No,No,No,No,No,No,No,,,{A0A0B664-9701-4428-8B1F-0C17B2A413D7},rck8,2014-08-21T14:10:21.000Z,DPD3,2015-01-12T16:33:44.000Z,17R LL 601 971
-82.51649338693349,27.877439430871377,39360,13,Bobby Hicks Park,Tampa,Municipal,820,Park,4201 W Mango Ave,Tampa,FL,33616,813-832-1217,Parcel,Placed on Map,,Everyday,N/A,http://www.tampagov.net/parks-and-recreation,,,,,No,No,No,No,No,No,No,No,No,No,No,No,No,No,Yes,No,No,Yes,Yes,No,No,No,No,No,No,No,No,No,No,No,No,No,No,No,,N/A,{6F262F7A-93E5-4C13-8DBF-106841E76793},,,DPD3,2015-01-12T16:33:44.000Z,17R LL 507 845
-82.470055253565789,28.014185396831824,39461,77,Lowry Park Zoo (Non-City Establishment),Tampa,Municipal,820,Zoo,7530 N Boulevard,Tampa,FL,33604,813-935-8552,Parcel,Placed on Map,"Recognized as the #1 family-friendly Zoo in the United States by Child magazine, Tampa’s Lowry Park Zoo features more than 1,700 animals on 56 acres of lush, natural habitats in seven main exhibit areas: Asian Domain, Primate World, Manatee and Aquatic C",,,http://www.tampagov.net/parks-and-recreation,"Achievement, future, community, conservation, development, good health, heritage, nature…It Starts in Parks!",,,,No,No,No,No,No,No,No,No,No,No,No,No,No,No,No,No,No,No,Yes,No,No,No,No,No,No,No,No,No,No,No,No,No,No,No,,,{48B93B91-CDED-4C98-9FCD-139EF2BFABC2},,,rck8,2015-05-01T15:01:35.000Z,17R LL 554 996
-82.523537323359037,27.922003924850571,39432,139,Sunset Park,Tampa,Municipal,820,Park,4800 W Sunset Blvd,Tampa,FL,33629,,Parcel,Placed on Map,,Everyday,N/A,http://www.tampagov.net/parks-and-recreation,,,,,No,No,No,No,No,No,No,No,No,No,No,No,No,No,No,No,No,No,No,No,No,No,No,No,No,No,No,No,No,No,No,No,No,No,,N/A,{42FCD25C-4FE1-4751-955C-156AEEB2A28E},,,DPD3,2015-01-12T16:33:44.000Z,17R LL 500 894
-82.47883403019577,28.006613390134504,39504,,Police Athletic League,,,820,Community / Recreation Center,1924 W. Diana St,Tampa,FL,33604,,,,,Monday - Friday,,https://www.tampagov.net/parks-and-recreation/activities-recreation/recreation-centers,,,,,No,No,No,No,No,Yes,Yes,No,No,No,No,No,Yes,No,No,No,Yes,No,Yes,No,No,No,No,No,No,No,No,No,No,Yes,No,No,No,No,,,{97746225-B634-44B4-BD6F-1862D5383184},,,,,
-82.383502304134325,28.129619589956064,39499,228,New Tampa Community Park Center,Tampa,Municipal,820,Community / Recreation Center,17302 Commerce Park Blvd,Tampa,FL,33647,813-975-2794,,,,,,,,,,,No,No,No,No,No,Yes,No,No,No,No,No,No,No,No,No,No,No,No,Yes,No,No,No,No,No,No,No,No,Yes,No,No,No,No,No,No,,,{5F88AAAB-A30E-4F9A-A05F-1867AB4E2EE7},DP7D,2015-05-14T16:42:10.000Z,DP7D,2015-05-14T16:46:28.000Z,
-82.473318979209196,28.052549702350262,39366,161,Babe Zaharias Golf Course,Tampa,Municipal,820,Golf Course,11412 N Forest Hills Dr,Tampa,FL,33612,813-631-4374,Building,Placed on Map,,Everyday,N/A,http://www.babezahariasgc.com,,,,,No,No,No,No,No,No,No,No,No,No,Yes,No,No,No,No,No,No,No,Yes,No,No,No,No,No,No,No,No,No,No,No,No,No,No,No,,N/A,{FE49FB72-8872-40DC-AD08-1949C812583F},,,DP7D,2014-12-02T15:01:51.000Z,17R LM 552 038
-82.496902739667945,27.874476056588584,39403,40,ELAPP Forty Eight Park,Tampa,Municipal,820,Park,6415 S MacDill Ave,Tampa,FL,33611,,Parcel,Placed on Map,,Everyday,N/A,http://www.tampagov.net/parks-and-recreation,,,,,No,No,No,No,No,No,No,No,No,No,No,No,No,No,No,No,No,No,No,No,No,Yes,No,No,No,Yes,No,No,No,No,No,No,No,No,,N/A,{3DBE64C9-33AD-4E93-AA18-1AD40FDCC470},,,DPD3,2015-01-12T16:33:44.000Z,17R LL 526 841
-82.446663074492264,27.909996733118462,39394,34,Davis Islands Seaplane Basin,Tampa,Municipal,820,Marina / Seaplane Basin,864 Severn Ave,Tampa,FL,33606,,Parcel,Placed on Map,,Everyday,N/A,http://www.tampagov.net/parks-and-recreation,,,,,No,No,Yes,Yes,Yes,No,No,No,No,No,No,No,No,Yes,No,No,No,No,No,No,No,Yes,Yes,No,No,No,No,No,No,No,No,No,No,No,,N/A,{72E7C0D5-0A9B-454F-9F8B-1B31D034DC67},,,DPD3,2015-01-12T16:33:44.000Z,17R LL 576 880
-82.462357508313985,27.96415403631422,39468,202,Robert Gardner Park,Tampa,Municipal,820,Park,2301 N Highland Ave,Tampa,FL,33602,,Parcel,Placed on Map,"Located in the heart of the Tampa Heights neighborhood, this park is named after Robert Gardner who was a life-long resident of Tampa Heights.  Mr. Gardner was a member of the Tampa Heights Civic Association and was dedicated to making this community a",,Sunrise to Sunset,http://www.tampagov.net/parks-and-recreation,better place.,,,,No,No,No,No,No,No,No,No,No,No,No,No,No,No,No,No,Yes,No,No,No,No,No,No,No,No,No,No,No,No,No,No,No,No,No,,,{5FBAD4FC-6812-405C-8AB3-1BDEBE2FF6C7},,,rck8,2015-05-01T20:01:38.000Z,17R LL 561 940
-82.540288481808616,27.892115821600303,39334,2,AJ Palonis Jr Park,Tampa,Municipal,820,Park,5151 W Gandy Blvd,Tampa,FL,33611,,Parcel,Placed on Map,"AJ Palonis Park contains a nature trail and boardwalk that meanders through mangrove tunnels into Tampa Bay. It is located adjacent to the Friendship Trail Bridge, a 2.6-mile lighted concrete bridge trail spanning Tampa Bay.",Everyday,Sunrise to Sunset,http://www.tampagov.net/parks-and-recreation,,,,,No,No,No,No,No,No,No,No,No,No,No,No,No,Yes,Yes,No,No,No,No,No,No,Yes,No,No,No,No,No,No,No,No,No,No,No,No,,N/A,{D72A4D76-211A-4FF9-B643-1C33DC0FECE9},,,rck8,2017-03-30T12:09:58.000Z,17R LL 487 863
-82.408338294077623,27.989571493236468,39480,209,Williams Center,Tampa,Municipal,820,Community / Recreation Center,4362 E Osborne Ave,Tampa,FL,33610,813-635-3482,,,,,,http://www.tampagov.net/parks-and-recreation,,,,,No,No,No,No,No,Yes,No,No,No,No,No,No,No,No,No,No,No,No,Yes,No,No,No,No,No,,No,No,No,No,No,No,No,No,No,,,{919716B1-3172-46A6-9AFE-1E404DBC2D6D},rck8,2014-08-19T14:38:35.000Z,DPD3,2015-01-12T16:33:44.000Z,17R LL 615 968
-82.407103986096459,27.969488424763473,39443,58,Highland Pines Park,Tampa,Municipal,820,Park,4505 E 21st Ave,Tampa,FL,33605,813-630-3925,Parcel,Placed on Map,,Everyday,N/A,http://www.tampagov.net/parks-and-recreation,,,,,No,No,No,No,No,Yes,No,No,No,No,No,Yes,No,Yes,No,No,Yes,No,Yes,Yes,Yes,Yes,No,Yes,Yes,No,No,No,No,Yes,No,No,No,No,,N/A,{D22A05F1-D796-4F6B-A380-1F29F4E37FEB},,,rck8,2016-07-21T13:10:01.000Z,17R LL 616 946
-82.532208101505645,27.8683518829706,39398,176,Tappan Tract Park,Tampa,Municipal,820,Park,6601 S Sherrill St,Tampa,FL,33616,,Parcel,Placed on Map,,Everyday,N/A,http://www.tampagov.net/parks-and-recreation,,,,,No,No,No,No,No,No,No,No,No,No,No,No,No,No,No,No,No,No,No,No,No,No,No,No,No,No,No,,,No,,No,No,No,,N/A,{D912E83C-3ED5-431C-906C-1F4BD7C4237D},,,DP7D,2016-08-17T11:31:25.000Z,17R LL 492 838
-82.444117936594992,28.016242543411131,39455,203,Alan Wright Park,Tampa,Municipal,820,Park,1402 E Park Cir,Tampa,FL,33604,,Parcel,Placed on Map,"Formerly known as Spring Park, this park was renamed in honor of Alan Wright in 2010. Alan Wright was known as ""Mr. River"" because of his advocacy for the Hillsborough River. Wright was a planner with the Hillsborough County Planning Commission ",,Sunrise to Sunset,http://www.tampagov.net/parks-and-recreation,and county liaison to the Hillsborough River Interlocal Planning Board and Technical Advisory Council for 21 years. He worked to improve the ecological conditions and biological viability of this important fresh water resource. He died in 2007.,,,,No,No,No,No,No,No,No,No,No,No,No,No,No,No,No,No,No,No,No,No,No,No,No,No,No,No,No,No,No,No,No,No,No,No,,,{AB16339C-004A-4BC7-9126-221FC3BFD793},,,rck8,2015-05-01T13:53:40.000Z,17R LL 580 998
-82.438622519288373,27.961340555517218,39470,154,Centennial Park,Tampa,Municipal,820,Park,1800 E 8th Ave,Tampa,FL,33605,813-242-5370,Parcel,Placed on Map,"Located in historic Ybor City, Centennial Park offers shade, benches and statues representing those who contributed to Ybor's history. Its central location provides a place for many events, including Flan Fest, Festa Italiana, the Ybor Arts and Crafts Fe",,,http://www.tampagov.net/parks-and-recreation,,,,,No,No,No,No,No,No,No,No,No,No,No,No,No,No,No,No,No,No,Yes,Yes,No,Yes,No,No,No,No,No,No,No,No,No,No,No,No,,,{21A02B5D-D78A-4EFE-8383-2401E10DDB01},,,DPD3,2015-01-12T16:33:44.000Z,17R LL 584 937
-82.428763739370666,27.946774372430379,39406,180,Spicola Family Pool,Tampa,Municipal,820,Public Pool,2615 Corrine St,Tampa,FL,33605,813-242-5355,Parcel,Placed on Map,,Everyday,N/A,http://www.tampagov.net/parks-and-recreation,,,,,No,No,No,No,No,No,No,No,No,No,No,No,No,No,No,No,No,Yes,Yes,No,No,No,No,No,No,No,No,No,,No,No,No,No,No,,N/A,{ABF13ED8-C081-49BB-AE99-246018AF0DF8},,,DPD3,2015-01-12T16:33:44.000Z,17R LL 594 921
-82.436310783924853,27.980269508855898,39486,215,Cyrus Greene Center,Tampa,Municipal,820,Community / Recreation Center,2101 E Dr Martin Luther King Blvd,Tampa,FL,33610,813-242-5350,Parcel,Placed on Map,,,,http://www.tampagov.net/parks-and-recreation,,,,,No,No,No,No,No,Yes,Yes,No,No,Yes,No,No,No,No,No,No,No,Yes,Yes,No,No,No,No,No,No,No,No,No,No,No,No,No,No,No,,,{EB04C67C-7989-4DA5-B218-26D39C0F004C},rck8,2014-08-20T14:08:26.000Z,DPD3,2015-01-12T16:33:44.000Z,17R LL 587 958
-82.459416916154538,27.941065604209893,39459,21,Columbus Statue Park,Tampa,Municipal,820,Park,,Tampa,FL,33606,,Parcel,Placed on Map,Columbus Statue Park is approximately one-half acre and marks the beginning of scenic Bayshore Boulevard Linear Park on its north end.,,,http://www.tampagov.net/parks-and-recreation,,,,,No,No,No,No,No,No,No,No,No,No,No,No,No,No,No,No,No,No,No,No,No,No,No,No,No,No,No,No,No,No,No,No,No,No,,,{9740ACA8-6B7D-4CEE-9585-2CF9B24D5E98},,,rck8,2015-05-01T14:40:43.000Z,17R LL 562 912
-82.425176982665917,27.969329503498209,39400,39,"Alfred ""Al"" Barnes Jr Park",Tampa,Municipal,820,Park,2902 N 32nd St,Tampa,FL,33605,,Parcel,Placed on Map,,Everyday,N/A,http://www.tampagov.net/parks-and-recreation,,,,,No,Yes,No,No,No,No,No,No,No,No,No,No,No,No,No,No,Yes,No,Yes,Yes,Yes,No,No,Yes,Yes,No,No,No,No,No,No,No,No,No,18th Avenue Park Eighteenth,N/A,{21FF9839-D5F4-412B-9D02-30F585579027},,,DPD3,2015-01-12T16:33:44.000Z,17R LL 598 946
-82.462971117966092,27.959146581802194,39338,148,Water Works Park,Tampa,Municipal,820,Park,1710 N Highland Ave,Tampa,FL,33602,,Parcel,Placed on Map,"Formerly Morgan Street Park, the City of Tampa renamed the park to Fernando Rodriguez Mesa Park in 2005.",Everyday,Sunrise to Sunset,http://www.tampagov.net/parks-and-recreation,,,,0,No,No,No,No,No,No,No,No,Yes,No,No,No,No,No,No,No,Yes,No,Yes,Yes,No,Yes,No,No,No,No,No,No,Yes,No,No,Yes,No,No,Morgan Street Park,N/A,{EF67DBAE-8F49-4A96-9978-3387D7308B5A},,,DPD3,2015-01-12T16:33:44.000Z,17R LL 560 935
-82.499094448683934,27.865248816404002,39417,48,Gadsden Park,Tampa,Municipal,820,Park,6901 S MacDill Ave,Tampa,FL,33611,,Parcel,Placed on Map,,Everyday,N/A,http://www.tampagov.net/parks-and-recreation,,,,,No,Yes,No,No,Yes,No,No,No,Yes,No,No,No,No,Yes,Yes,No,Yes,No,Yes,Yes,No,Yes,,No,No,No,No,No,No,No,No,No,No,,,N/A,{F17A082E-7F25-4AE2-AD10-3422D3953308},,,DPD3,2015-01-12T16:33:44.000Z,17R LL 524 831
-82.523329337984052,27.869035130411369,39385,110,Port Tampa Community Center,Tampa,Municipal,820,Community / Recreation Center,4702 W Mc Coy St,Tampa,FL,33616,813-832-1215,Building,Placed on Map,,Everyday,N/A,http://www.tampagov.net/parks-and-recreation,,,,,No,No,No,No,No,Yes,Yes,No,No,No,No,No,Yes,No,No,No,No,No,Yes,No,Yes,No,No,No,No,No,No,No,No,No,No,No,No,No,,N/A,{9539888E-3866-48AE-B8E4-3854F74650B9},,,DPD3,2015-01-12T16:33:44.000Z,17R LL 500 836
-82.433725734827988,28.017137169918445,39428,191,22nd Street Park,Tampa,Municipal,820,Park,7801 N 22nd St,Tampa,FL,33610,,Parcel,Placed on Map,,Everyday,N/A,http://www.tampagov.net/parks-and-recreation,"The Ruth J. Fleming Trail is one-third of a mile long and features eight fitness station with equipment such as a warm-up station, rowing machine, leg stretch, cardio walker, step-up fitness station, balance beam and push-up bars.  ",,,,No,Yes,No,No,No,No,No,No,No,No,No,No,No,No,No,No,No,No,No,No,No,No,,,,,,,,,,,,,,N/A,{31737499-A02C-4650-B114-385626A4096B},,,DPD3,2015-01-12T16:33:44.000Z,17R LL 590 999
-82.453851490552836,27.930800705157456,39351,84,Marjorie Park Yacht Basin,Tampa,Municipal,820,Marina / Seaplane Basin,115 Columbia Dr,Tampa,FL,33606,813-259-1604,Parcel,Placed on Map,,Everyday,N/A,http://www.tampagov.net/parks-and-recreation,,,,,No,No,No,No,No,No,No,No,No,No,No,No,No,No,No,No,No,No,Yes,No,No,No,No,No,No,No,No,No,No,No,No,No,No,Yes,,N/A,{B53F5C58-6EB2-46FE-8F7D-3A2BC42B220C},,,DPB4,2016-08-18T17:33:00.000Z,17R LL 569 904
-82.461695476087129,27.948883367487813,39472,159,Curtis Hixon Waterfront Park,Tampa,Municipal,820,Park,600 N Ashley Dr,Tampa,FL,33602,,Parcel,Placed on Map,"The new eight acre Curtis Hixon Waterfront Park features a unique urban design, sustainable construction, and operational features including reclaimed water for irrigation and LED lighting. Park amenities include the Great Lawn with flexible perimeter se",,Sunrise to 10 p.m.,http://www.tampagov.net/parks-and-recreation,A segment of the Riverwalk runs through the park connecting the David Straz Performing Arts Center to the Glazer Children's Museum and the Tampa Museum of Art. The park design was created by Thomas Balsley and Associates of New York.,,,,No,No,No,No,No,No,No,No,Yes,No,No,No,No,No,No,No,Yes,No,Yes,No,No,Yes,No,No,No,No,No,No,Yes,No,No,No,No,No,,,{BC5CFC2C-36F7-4B82-A72E-3A75EDD5CB99},,,DPD3,2015-01-12T16:33:44.000Z,17R LL 562 923
-82.474804277834409,27.962172820542854,39462,86,Dr Martin Luther King Jr Recreation Complex,Tampa,Municipal,820,Community / Recreation Center,2200 N Oregon Ave,Tampa,FL,33607,813-259-1667,Unknown,Placed on Map,,,,http://www.tampagov.net/parks-and-recreation,,,,,Yes,No,No,No,No,Yes,Yes,No,No,No,No,No,Yes,No,No,Yes,Yes,Yes,Yes,No,No,No,No,No,No,No,No,No,No,No,No,No,No,No,,,{72612845-AF15-4B76-8879-3C8EB0EB256D},,,rck8,2015-05-01T15:14:52.000Z,17R LL 548 938
-82.395547683764605,27.97935730588063,39495,224,Grant Park Center,Tampa,Municipal,820,Community / Recreation Center,3724 N 54th St,Tampa,FL,33619,813-622-1910,Parcel,Placed on Map,,,,http://www.tampagov.net/parks-and-recreation,,,,,No,No,No,No,No,Yes,Yes,No,No,Yes,No,No,No,No,No,No,No,No,Yes,No,No,No,No,No,No,No,No,No,No,No,No,No,No,No,,,{FAF72D5E-BF15-4702-ADBA-3E2346F44008},rck8,2014-09-04T15:53:52.000Z,DP7D,2015-05-14T16:46:14.000Z,17R LL 627 956
-82.45617257521009,28.000175679217183,39415,132,Seminole Heights Garden Center,Tampa,Municipal,820,Arboretum / Botanical Garden,5800 N Central Ave,Tampa,FL,33604,813-231-8900,Building,Placed on Map,,Everyday,N/A,http://www.tampagov.net/parks-and-recreation,,,https://apps.tampagov.net/appl_customer_service_center/form.asp?strServiceID=495,,No,No,No,No,No,Yes,No,No,No,No,No,No,No,No,No,No,No,No,Yes,No,No,No,No,No,No,No,No,No,No,No,No,No,No,No,,N/A,{6061EE72-3637-433F-9BA5-3F192BBCC3BE},,,DPD3,2015-01-12T16:33:44.000Z,17R LL 568 980
-82.443594293985811,27.969175568170719,39380,27,Cuscaden Park,Tampa,Municipal,820,Park,2900 N 15th St,Tampa,FL,33605,813-242-5302,Parcel,Placed on Map,,Everyday,N/A,http://www.tampagov.net/parks-and-recreation,,,,,No,Yes,No,No,No,Yes,No,No,No,No,No,No,No,No,No,No,Yes,Yes,Yes,Yes,No,No,No,Yes,No,No,No,No,No,Yes,No,No,No,No,,N/A,{48C02F98-948E-440F-AE46-400F2FB05BE2},,,DPD3,2015-01-12T16:33:44.000Z,17R LL 580 946
-82.454843742868391,27.973971114407991,39393,174,Robles Park,Tampa,Municipal,820,Park,3305 N Avon Ave,Tampa,FL,33603,,Parcel,Placed on Map,,Everyday,N/A,http://www.tampagov.net/parks-and-recreation,,,,,No,No,No,No,No,No,No,No,No,No,No,No,No,No,No,No,Yes,No,Yes,No,No,Yes,No,Yes,No,No,No,No,No,No,No,No,No,No,,N/A,{A84B3474-316D-4A5D-BF2F-40E0005F36CA},,,DPD3,2015-01-12T16:33:44.000Z,17R LL 569 951
-82.418696989311755,28.023560922357781,39479,208,Temple Crest Center,Tampa,Municipal,820,Community / Recreation Center,8116 N 37th Street,Tampa,FL,33604,813-989-7606,,,,,,http://www.tampagov.net/parks-and-recreation,,,,,No,No,No,No,No,Yes,Yes,No,No,No,No,No,No,No,No,No,No,No,Yes,No,No,No,No,No,No,No,No,No,No,,No,No,No,No,,,{1A76F08B-B73B-4A80-B568-413615A32A5F},rck8,2014-08-19T14:32:49.000Z,DPD3,2015-01-12T16:33:44.000Z,17R LM 605 006
-82.510344863145633,27.962311041668162,39337,74,Lincoln Gardens Park,Tampa,Municipal,820,Park,4020 W Palmetto St,Tampa,FL,33607,813-348-1175,Parcel,Placed on Map,,Everyday,Sunrise to Sunset,http://www.tampagov.net/parks-and-recreation,,,,,No,No,No,No,No,No,No,No,No,No,No,No,No,No,No,No,Yes,No,Yes,No,No,No,No,Yes,No,No,No,No,No,Yes,No,No,No,No,,N/A,{1A9BCBFC-6A95-45A9-8E61-41439AB34D4F},,,DPD3,2015-01-12T16:33:44.000Z,17R LL 514 939
-82.39569713912843,27.978667810953258,39430,52,Grant Park,Tampa,Municipal,820,Park,3724 N 54th St,Tampa,FL,33619,813-622-1910,Parcel,Placed on Map,"Our community centers and playgrounds provide a safe, structured and fun environment. The City of Tampa Parks and Recreation Department offers activities and classes for all ages: tots, youth, adults and seniors. ",Everyday,N/A,http://www.tampagov.net/parks-and-recreation,,,,,No,Yes,No,No,No,Yes,No,No,No,No,No,No,No,No,No,No,No,No,Yes,No,No,No,No,Yes,No,No,No,No,No,Yes,No,No,No,No,,N/A,{69868E33-8F06-40ED-968D-417D440E2699},,,DPD3,2015-01-12T16:33:44.000Z,17R LL 627 956
-82.424758782810244,28.005777781640834,39475,204,Gwendolyn Miller Center,Tampa,Municipal,820,Community / Recreation Center,6410 N 32nd Street,Tampa,FL,33610,813-231-5211,,,,,,http://www.tampagov.net/parks-and-recreation,,,,,No,Yes,No,No,No,Yes,Yes,No,No,Yes,No,No,No,Yes,No,No,Yes,No,Yes,Yes,No,Yes,No,No,No,No,No,No,No,No,No,No,No,No,Gwen Miller,,{BC333519-741E-4801-9682-42F3524E73D2},rck8,2014-08-19T13:39:09.000Z,DPD3,2015-01-12T16:33:44.000Z,17R LL 599 986
-82.454895262168733,27.929416807412302,39361,158,Roy Jenkins Pool,Tampa,Municipal,820,Public Pool,154 Columbia Dr,Tampa,FL,33606,813-250-3355,Parcel,Placed on Map,,Everyday,N/A,http://www.tampagov.net/parks-and-recreation,,,,,No,No,No,No,No,No,No,No,No,No,No,No,No,No,No,No,No,Yes,No,No,No,No,No,No,No,No,No,No,No,No,No,No,No,No,,N/A,{0C7A7FE4-42CE-4055-85D5-434FEA4F2F96},,,rck8,2015-07-17T12:14:36.000Z,17R LL 568 902
-82.408873393471339,27.989838477926227,39345,151,Williams Park,Tampa,Municipal,820,Park,4362 E Osborne Ave,Tampa,FL,33610,813-635-3482,Parcel,Placed on Map,,Everyday,N/A,http://www.tampagov.net/parks-and-recreation,,,,,No,No,No,No,No,Yes,No,No,No,No,No,Yes,No,No,No,No,Yes,Yes,Yes,Yes,No,No,No,Yes,No,No,No,No,No,No,No,No,No,No,,N/A,{15874E99-804C-457E-8209-44C44C55497B},,,DPD3,2015-01-12T16:33:44.000Z,17R LL 614 968
-82.445297338707533,27.960770758687872,39452,68,Jose Marti Park,Tampa,Municipal,820,Park,1303 E 8th Ave,Tampa,FL,33605,,Parcel,Placed on Map,,Everyday,N/A,http://www.tampagov.net/parks-and-recreation,,,,,No,No,No,No,No,No,No,No,No,No,No,No,No,No,No,No,No,No,No,No,No,No,No,No,No,No,No,No,No,No,No,No,No,No,,N/A,{F37A6A0E-78CB-4AC9-BC0C-456036E6649F},,,rck8,2015-05-01T12:36:46.000Z,17R LL 578 936
-82.515639149956201,27.957697939539397,39460,75,Loretta Ingraham Park,Tampa,Municipal,820,Park,1615 N Hubert Ave,Tampa,FL,33607,813-348-1175,Building,Placed on Map,,,,http://www.tampagov.net/parks-and-recreation,,,,,No,No,No,No,No,Yes,No,No,No,No,No,No,Yes,No,No,No,Yes,Yes,No,No,No,No,No,No,No,No,No,No,No,No,No,No,No,No,,,{323E12DA-DD11-4AA9-9FF0-47C70416B732},,,rck8,2015-05-01T14:47:56.000Z,17R LL 509 934
-82.482619193757714,27.962104551244995,39490,219,Rey Park,Tampa,Municipal,820,Park,2301 N Howard Ave,Tampa,FL,33607,813-259-1673,Parcel,Placed on Map,,,,http://www.tampagov.net/parks-and-recreation,,,,,No,No,No,No,No,Yes,Yes,No,No,No,No,No,No,No,No,No,No,No,Yes,No,,No,No,No,No,No,No,No,,No,No,No,No,No,,,{C89230EA-EC3F-40A3-AE2E-481CCB8545AC},rck8,2014-08-20T14:52:09.000Z,DPD3,2015-01-12T16:33:44.000Z,17R LL 541 938
-82.533832700645405,27.857607742448735,39421,188,Southwest Port Tampa Park,Tampa,Municipal,820,Park,7506 S Morton St,Tampa,FL,33616,813-832-1202,Parcel,Placed on Map,,Everyday,N/A,http://www.tampagov.net/parks-and-recreation,"Achievement, future, community, conservation, development, good health, heritage, nature: It Starts in Parks!",,,,No,Yes,No,No,No,No,No,No,No,No,No,No,No,No,No,No,Yes,No,Yes,Yes,No,No,No,Yes,No,No,No,No,No,No,No,No,No,No,,N/A,{99630BCF-D71B-47E2-A392-48D04C12E15D},,,DPD3,2015-01-12T16:33:44.000Z,17R LL 489 823
-82.448295987808081,27.953911282601343,39506,,"Deputy John Kotfila, Jr. Memorial Dog Park",,,820,Park,606 N. Raymond Avenue,Tampa,FL,33602,813-274-8615,,,,Everyday,Sunrise to Sunset,https://www.tampagov.net/parks-and-recreation/parks-and-natural-areas/dog-parks,,,,,No,No,No,No,No,No,No,No,Yes,No,No,No,No,No,No,No,No,No,No,No,No,No,No,No,No,No,No,No,No,No,No,No,No,No,,,{60591CA0-68CC-4C21-949F-4A5D0F264832},,,,,
-82.40709090515206,27.970127053375787,39497,226,Highland Pines Community Center,Tampa,Municipal,820,Community / Recreation Center,4505 E 21st Avenue,Tampa,FL,33605,813-630-3925,Parcel,Placed on Map,,,,http://www.tampagov.net/parks-and-recreation,,,,,No,No,No,No,No,Yes,Yes,No,No,No,No,No,No,No,No,No,No,No,Yes,No,No,No,No,No,No,No,No,No,No,No,No,No,No,No,,,{2E2822BB-513B-44A0-B130-4D0872C7BD69},rck8,2014-09-05T15:07:11.000Z,rck8,2016-07-21T13:09:48.000Z,17R LL 616 946
-82.55304420532272,27.851355455595257,39350,83,Picnic Island Park,Tampa,Municipal,820,Park,7409 Picnic Island Blvd,Tampa,FL,33616,,Parcel,Placed on Map,,Everyday,N/A,http://www.tampagov.net/parks-and-recreation,,,,,No,No,Yes,Yes,Yes,No,No,No,No,No,No,Yes,No,Yes,Yes,No,Yes,No,Yes,Yes,No,Yes,Yes,No,No,No,Yes,No,No,No,Yes,No,No,No,,PicnicIslandMap.pdf,{B8658AD7-0609-469E-BFAE-4DACAA73C87E},,,rck8,2015-04-17T14:33:09.000Z,17R LL 475 824
-82.467420241059614,28.041330923985658,39389,31,Danny Del Rio Pool,Tampa,Municipal,820,Public Pool,10105 North Boulevard,Tampa,FL,33612,813-931-2107,Parcel,Placed on Map,,Everyday,N/A,http://www.tampagov.net/parks-and-recreation,,,,,No,No,No,No,No,No,No,No,No,No,No,No,No,No,No,No,No,Yes,Yes,No,No,No,No,No,No,No,No,No,No,No,No,No,No,No,,N/A,{14AA0BDB-1A18-4508-ABDC-4F405383BF00},,,DPB4,2015-03-02T17:01:26.000Z,17R LM 557 026
-82.510260529369589,27.956548452735174,39450,66,Jim Walter Park,Tampa,Municipal,820,Park,1508 N Grady Ave,Tampa,FL,33607,,Parcel,Placed on Map,,Everyday,N/A,http://www.tampagov.net/parks-and-recreation,,,,,No,No,No,No,No,No,No,No,No,No,No,No,No,No,No,No,No,No,No,No,No,No,No,No,No,Yes,No,No,No,No,No,No,No,No,,N/A,{A4F5FED2-82C7-4F09-97B2-4F52FA5E86DF},,,rck8,2015-07-17T19:14:15.000Z,17R LL 514 933
-82.482884559174678,27.889634422158146,39347,81,Joe Abrahams Fitness and Wellness Center,Tampa,Municipal,820,Community / Recreation Center,5212 Interbay Blvd,Tampa,FL,33611,813-832-1207,Parcel,Placed on Map,,Everyday,N/A,http://www.tampagov.net/parks-and-recreation,,,,,No,No,No,No,No,No,No,No,No,Yes,No,No,No,No,No,No,No,No,Yes,No,No,No,No,No,No,No,No,No,No,No,No,No,No,No,,N/A,{0E4DDE50-BC1F-438F-85D9-50073A5B9946},,,DPD3,2015-01-12T16:33:44.000Z,17R LL 540 858
-82.496586593501405,27.958317690284812,39391,32,David Barksdale Active Adult Center,Tampa,Municipal,820,Community / Recreation Center,1801 N Lincoln Ave,Tampa,FL,33606,813-348-1180,Building,Placed on Map,,Everyday,N/A,http://www.tampagov.net/parks-and-recreation,,,,,No,No,No,No,No,Yes,Yes,No,No,Yes,No,No,No,No,No,No,No,No,No,No,No,No,No,No,No,No,No,No,,No,No,No,No,No,,N/A,{B60BB39F-63D2-42EB-ADD3-5098B55308F4},,,DPD3,2015-01-12T16:33:44.000Z,17R LL 527 934
-82.455447301325179,27.955727546519494,39377,102,"Perry Harvey, Sr Park",Tampa,Municipal,820,Park,1201 N Orange St,Tampa,FL,33602,813-274-8615,Parcel,Placed on Map,,Everyday,N/A,http://www.tampagov.net/parks-and-recreation,,,,,No,No,No,No,No,No,No,No,No,No,No,No,No,No,No,No,No,No,Yes,No,No,No,No,Yes,No,No,No,Yes,Yes,No,No,,No,No,,N/A,{5494CB6A-0185-4E6F-B759-524F2C21ECA1},,,rck8,2016-09-14T13:38:00.000Z,17R LL 568 932
-82.495582016371515,27.877104562079769,39418,133,Skyview Park,Tampa,Municipal,820,Park,6203 S Martindale Ave,Tampa,FL,33611,,Parcel,Placed on Map,,Everyday,N/A,http://www.tampagov.net/parks-and-recreation,,,,,No,Yes,No,No,No,No,No,No,No,No,No,Yes,No,No,No,No,Yes,No,Yes,Yes,No,No,No,Yes,No,No,No,,,Yes,No,No,No,No,,N/A,{0752C798-DA86-483E-9703-54CBB86A6C2D},,,DPD3,2015-01-12T16:33:44.000Z,17R LL 527 844
-82.439044100055995,27.961189351261801,39466,179,Ybor Art Studio,Tampa,Municipal,820,Museum / Cultural,1800 E 8th Ave,Tampa,FL,33605,813-242-5370,Building,Placed on Map,"The Ybor Art Studio provides instruction for beginners and experienced artists. Offerings include working with an array items, such as eight potters wheels and two electric kilns, a glass fusion kiln and equipment, silk screening utensils, and jewelry.",,,http://www.tampagov.net/parks-and-recreation,,,,,Yes,No,No,No,No,No,No,No,No,No,No,No,No,No,No,No,No,No,Yes,No,No,No,No,No,No,No,No,No,No,No,No,No,No,No,,,{2DCDDD85-84A6-4AE8-8970-55218827CA34},,,rck8,2015-05-01T19:28:26.000Z,17R LL 584 937
-82.466944895651977,27.953444381961106,39453,69,Julian B Lane Riverfront Park,Tampa,Municipal,820,Park,1001 N Boulevard,Tampa,FL,33607,,Parcel,Placed on Map,,Everyday,N/A,http://www.tampagov.net/parks-and-recreation,,,,,No,No,No,No,No,No,No,No,No,No,No,Yes,No,No,No,No,Yes,No,No,Yes,Yes,Yes,No,Yes,Yes,No,No,No,No,Yes,No,Yes,No,No,,N/A,{C5301DAA-1AD3-4D6A-BB99-55F446646336},,,DP7D,2015-05-19T17:08:37.000Z,17R LL 556 929
-82.451602751594223,27.941460954466777,39356,156,Cotanchobee Fort Brooke Park,Tampa,Municipal,820,Park,601 Old Water Street,Tampa,FL,33602,813-274-8615,Parcel,Placed on Map,,Everyday,N/A,http://www.tampagov.net/parks-and-recreation,,,,,No,No,No,No,Yes,No,No,No,No,No,No,No,No,No,Yes,No,Yes,No,Yes,No,No,Yes,No,No,No,No,No,No,No,No,No,No,No,No,,N/A,{F3A8823E-E94C-49DB-8C87-562283455290},,,DPD3,2015-01-12T16:33:44.000Z,17R LL 571 915
-82.502169278578066,27.987997354538837,39416,186,Hunt Community Center,Tampa,Municipal,820,Community / Recreation Center,4810 N Himes Ave,Tampa,FL,33614,813-348-1172,Building,Placed on Map,,Everyday,n/a,http://www.tampagov.net/parks-and-recreation,,,,,No,No,No,No,No,Yes,Yes,No,No,Yes,No,No,No,No,No,No,No,No,Yes,No,No,No,No,No,No,No,No,No,No,No,No,No,No,No,,N/A,{3213A12D-D472-4319-BB18-569E78D8F734},,,DPD3,2015-01-12T16:33:44.000Z,17R LL 522 967
-82.511211035645061,27.895970064899956,39410,45,Foster Park,Tampa,Municipal,820,Park,4700 S Clark Ave,Tampa,FL,33612,,Parcel,Placed on Map,,Everyday,N/A,http://www.tampagov.net/parks-and-recreation,"Cuscaden Pool is open seasonally. For a listing of classes, schedules or the hours of operation, please call 813-242-5377.",,,,No,Yes,No,No,No,No,No,No,No,No,No,No,No,Yes,No,Yes,Yes,No,Yes,No,No,No,,,,,,,,,,,,,,N/A,{B333E0C6-C5D2-46B2-84AB-572C490436F7},,,DPD3,2015-01-12T16:33:44.000Z,17R LL 512 865
-82.432431814817505,28.028629775924706,39503,,Rowlett Activity Center,,,820,Community / Recreation Center,2313 E Yukon St,Tampa,FL,33604,813-915-0404,,,,Monday - Friday,,https://www.tampagov.net/parks-and-recreation/activities-recreation/recreation-centers,,,,,No,No,No,No,No,Yes,Yes,No,No,Yes,No,No,No,No,No,No,Yes,No,Yes,No,No,No,No,No,No,No,No,No,No,Yes,No,No,No,No,The RAC,,{06160FC8-C0F4-4C7C-8CE3-5A5F58F78210},,,,,
-82.452470882524239,28.021202998906222,39494,223,Sulphur Springs Pool,Tampa,Municipal,820,Public Pool,701 E Bird St,Tampa,FL,33604,813-931-2156,Parcel,Placed on Map,,,,http://www.tampagov.net/parks-and-recreation,,,,,No,No,No,No,No,No,No,No,No,No,No,No,No,No,No,No,No,Yes,Yes,No,No,No,No,No,No,No,No,No,No,No,No,No,No,No,,,{93957857-F1F6-4A62-B550-5A75DE4EAA3A},rck8,2014-09-04T14:49:52.000Z,DP7D,2015-05-14T16:46:08.000Z,17R LM 572 004
-82.448180467947381,27.994715446665591,39426,51,Giddens Park,Tampa,Municipal,820,Park,5202 N 12th St,Tampa,FL,33603,813-231-5284,Parcel,Placed on Map,,Everyday,N/A,http://www.tampagov.net/parks-and-recreation,,,,,No,No,No,No,No,Yes,No,No,Yes,No,No,No,No,No,No,No,Yes,No,Yes,Yes,No,No,No,Yes,No,No,No,No,Yes,Yes,No,No,No,No,,N/A,{0DCCCE18-504F-4EBD-8D45-5BF94CE2A6E9},,,DPD3,2015-01-12T16:33:44.000Z,17R LL 575 974
-82.504489518953662,27.913919330842635,39378,26,Corona Park,Tampa,Municipal,820,Park,3702 W Corona St,Tampa,FL,33629,813-832-1233,Parcel,Placed on Map,"Our community centers and playgrounds provide a safe, structured and fun environment. The City of Tampa Parks and Recreation Department offers activities and classes for all ages: tots, youth, adults and seniors. Copeland Park Community Center also offe*",Everyday,N/A,http://www.tampagov.net/parks-and-recreation,"Achievement, future, community, conservation, development, good health, heritage, nature: It Starts in Parks!",,,,No,No,No,No,No,No,No,No,No,No,No,Yes,No,No,No,Yes,Yes,No,Yes,Yes,No,No,,,,,,,,,,,,,,N/A,{78049ABA-4ACF-45FB-8710-5C81629EAA71},,,DPD3,2015-01-12T16:33:44.000Z,17R LL 519 885
-82.464551556557851,28.046426626255752,39407,43,Forest Hills Park,Tampa,Municipal,820,Park,724 W 109th Ave,Tampa,FL,33612,813-931-2105,Parcel,Placed on Map,,Everyday,N/A,http://www.tampagov.net/parks-and-recreation,,,,,No,Yes,No,No,No,Yes,No,No,No,No,No,No,No,No,No,No,Yes,No,No,Yes,Yes,No,No,Yes,Yes,No,No,No,No,Yes,No,No,No,No,,N/A,{3A4B53C1-6CB9-4331-B1D4-5CD056F87AD4},,,DPD3,2015-01-12T16:33:44.000Z,17R LM 560 032
-82.47218111658681,27.978505270866044,39414,47,Freedom Park,Tampa,Municipal,820,Park,3710 N Poplar Ave,Tampa,FL,33603,,Parcel,Placed on Map,,Everyday,N/A,http://www.tampagov.net/parks-and-recreation,"Achievement, future, community, conservation, development, good health, heritage, nature: It Starts in Parks!",,,,No,No,No,No,No,No,No,No,No,No,No,No,No,No,No,No,No,No,No,No,No,Yes,No,No,No,No,No,No,No,No,No,No,No,No,,N/A,{4387F203-0613-4C87-823E-5E6178E81E22},,,DPD3,2015-01-12T16:33:44.000Z,17R LL 552 956
-82.421398418489446,27.991974469776569,39404,42,Fair Oaks Park,Tampa,Municipal,820,Park,5019 N 34th St,Tampa,FL,33610,813-231-5277,Parcel,Placed on Map,,Everyday,N/A,http://www.tampagov.net/parks-and-recreation,,,,,No,Yes,No,No,No,Yes,No,No,No,No,No,No,No,No,No,No,Yes,No,No,No,No,No,No,No,No,No,No,No,No,Yes,No,No,No,No,,N/A,{B76D7157-0EFE-47B3-B065-5EC9432135E3},,,DPD3,2015-01-12T16:33:44.000Z,17R LL 602 971
-82.487969460092913,27.968556129603307,39368,17,Capaz Park,Tampa,Municipal,820,Park,2700 W Aileen St,Tampa,FL,33607,,Parcel,Placed on Map,,Everyday,N/A,http://www.tampagov.net/parks-and-recreation,,,,,No,Yes,No,No,No,No,No,No,No,No,No,No,No,No,No,No,Yes,No,Yes,Yes,No,No,No,Yes,No,No,No,No,No,No,No,No,No,No,,N/A,{214C3861-D28A-48B8-8F33-609DF73D132E},,,DPD3,2015-01-12T16:33:44.000Z,17R LL 536 946
-82.446156348998642,28.009613317768682,39344,80,McDugald Park,Tampa,Municipal,820,Park,1211 E Sligh Ave,Tampa,FL,33604,,Parcel,Placed on Map,,Everyday,Sunrise to Sunset,http://www.tampagov.net/parks-and-recreation,,,,,No,Yes,No,No,No,No,No,No,No,No,No,No,No,No,No,No,No,No,Yes,No,No,No,No,No,No,No,No,No,No,Yes,No,No,No,No,,N/A,{C23285DC-6830-49B8-8366-60FD6DAF7D5A},,,DPD3,2015-01-12T16:33:44.000Z,17R LL 578 991
-82.515544207131754,27.875697457533573,39484,213,Bobby Hicks Pool,Tampa,Municipal,820,Public Pool,4201 W Mango Ave,Tampa,FL,33616,813-832-1217,,,,,,http://www.tampagov.net/parks-and-recreation,,,,,No,No,No,No,No,No,No,No,No,No,No,No,No,No,No,No,No,Yes,Yes,No,No,No,No,No,No,No,No,No,No,No,No,No,No,No,,,{6E3A5F8B-74B0-4FA0-82BA-6127D4EAB9BD},rck8,2014-08-19T18:14:30.000Z,DPD3,2015-01-12T16:33:44.000Z,17R LL 508 843
-82.458189771695046,27.943113812767805,39392,117,USF Park,Tampa,Municipal,820,Park,233 S Ashley Drive,Tampa,FL,33602,,Parcel,Placed on Map,,Everyday,N/A,http://www.tampagov.net/parks-and-recreation,,,,,No,No,No,No,No,No,No,No,No,No,No,No,No,No,No,No,No,No,No,No,No,Yes,No,No,No,No,No,,,No,No,No,No,No,,N/A,{9F228C67-8554-46AA-B0E2-61A2C82A3FBA},,,DPD3,2015-01-12T16:33:44.000Z,17R LL 565 917
-82.467611892015967,27.959785144415477,39357,12,Blake Trail,Tampa,Municipal,820,Trail / Trailhead,1001 N Boulevard,Tampa,FL,33604,,Other,Placed on Map,,Everyday,N/A,http://www.tampagov.net/parks-and-recreation,,,,,No,No,No,No,No,No,No,No,No,No,No,No,No,No,No,No,No,No,No,No,No,Yes,No,No,No,No,No,No,No,No,No,No,No,No,,N/A,{F481A5AA-89B4-452E-9A7D-626E98D1CD19},,,DP7D,2015-05-19T17:10:21.000Z,17R LL 556 936
-82.45912719640107,28.01210609407935,39473,165,Wayne C Papy Center,Tampa,Municipal,820,Community / Recreation Center,6925 N Florida Ave,Tampa,FL,33604,813-231-5273,Building,Placed on Map,,,,http://www.tampagov.net/parks-and-recreation,,,,,No,No,No,No,No,Yes,No,No,No,No,No,No,No,No,No,No,No,No,Yes,No,No,No,No,No,No,No,No,No,No,No,No,No,No,No,Seminole Heights Athletic Center,,{7D000B6C-76C4-480D-9F46-656F9E567783},,,DPD3,2015-01-12T16:33:44.000Z,17R LL 565 994
-82.504606523202838,27.981973897345828,39471,157,Cancer Survivors Plaza,Tampa,Municipal,820,Park,3451 W Dr Martin Luther King Jr Blvd,Tampa,FL,33614,,Parcel,Placed on Map,"Located in the southwest corner of Al Lopez Park, Richard and Annette Bloch Cancer Survivors Park is designed to provide information, education, hope and enjoyment to those who visit or traverse the park. There are three fundamental elements of the pl",,,http://www.tampagov.net/parks-and-recreation,,,,,No,No,No,No,No,No,No,No,No,No,No,No,No,No,No,No,No,No,No,No,No,Yes,No,No,No,No,No,No,No,No,No,No,No,No,,,{8CFE2E6D-375C-4483-ABE4-66C31632C7F7},,,DPD3,2015-01-12T16:33:44.000Z,17R LL 520 961
-82.533996679720914,27.857934682091287,39435,140,Kwane Doster Community Center,Tampa,Municipal,820,Community / Recreation Center,7506 S Morton St,Tampa,FL,33616,813-832-1202,Building,Placed on Map,,Everyday,N/A,http://www.tampagov.net/parks-and-recreation,,,,,No,No,No,No,No,Yes,Yes,No,No,No,No,No,No,No,No,No,No,No,Yes,No,No,No,No,No,No,No,No,No,No,No,No,No,No,No,Southwest Port Tampa,N/A,{1498A0ED-93AE-44C2-94FA-6744308B0870},,,DPD3,2015-01-12T16:33:44.000Z,17R LL 489 824
-82.503499596608904,27.98916026997696,39331,1,Al Lopez Park,Tampa,Municipal,820,Park,4810 N Himes Ave,Tampa,FL,33614,813-348-1172,Parcel,Placed on Map,"This park is made up of approximately 132 acres of Florida wildlife, offering an enjoyable view. There is also a freshwater pond on the north side of the park for fishing.",Everyday,sunrise to sunset,http://www.tampagov.net/parks-and-recreation,The Hunt Community Center is located in Al Lopez Park and is a location for the City of Tampa's  summer camp program.,132,https://parks.tampagov.net/web/wbwsc/webtrac.wsc/search.html?display=detail&module=FR&SessionID=si,,No,No,No,No,No,Yes,No,No,Yes,No,No,Yes,No,Yes,Yes,No,Yes,No,Yes,Yes,No,Yes,No,No,No,Yes,No,No,No,No,No,No,No,No,Hunt,lopezmap.pdf,{FA4918C5-0994-405A-B5F0-6A0A7757D808},,,DPD3,2015-01-12T16:33:44.000Z,17R LL 521 969
-82.476565836255133,27.967492860390792,39395,119,Riverside Garden Park,Tampa,Municipal,820,Park,3001 N Rome Ave,Tampa,FL,33607,,Parcel,Placed on Map,,Everyday,N/A,http://www.tampagov.net/parks-and-recreation,,,,,No,No,No,No,No,No,No,No,No,No,No,No,No,No,Yes,No,No,No,No,No,No,No,,,,,,,,No,,No,,,,N/A,{DBDC119F-C465-4587-AC77-6A96E6E6F293},,,DPD3,2015-01-12T16:33:44.000Z,17R LL 547 944
-82.449104100821174,28.030726127725814,39425,136,Springhill Park,Tampa,Municipal,820,Park,1000 E Eskimo Ave,Tampa,FL,33604,,Parcel,Placed on Map,,Everyday,N/A,http://www.tampagov.net/parks-and-recreation,,,,,No,Yes,No,No,No,Yes,No,No,No,No,No,No,No,No,No,No,Yes,No,Yes,Yes,No,No,No,Yes,No,No,No,No,Yes,No,No,No,No,No,,N/A,{52131B86-DB47-4107-8C35-6B1B4574EFD1},,,DPD3,2015-01-12T16:33:44.000Z,17R LM 575 014
-82.428654288395009,27.947499328760944,39387,170,Desoto Park,Tampa,Municipal,820,Park,2617 Corrine St,Tampa,FL,33605,813-242-5307,Parcel,Placed on Map,,Everyday,N/A,http://www.tampagov.net/parks-and-recreation,,,,,No,Yes,No,No,No,Yes,No,No,No,No,No,Yes,No,No,Yes,No,Yes,Yes,Yes,Yes,No,Yes,No,Yes,No,No,No,,,Yes,No,No,No,No,,N/A,{42F8D7E4-8D24-4012-B197-6B4E1549F402},,,DPD3,2015-01-12T16:33:44.000Z,17R LL 594 922
-82.402194472215811,27.944320494705192,39370,98,Palm River Park,Tampa,Municipal,820,Park,513 S 50th St,Tampa,FL,33619,,Parcel,Placed on Map,,Everyday,N/A,http://www.tampagov.net/parks-and-recreation,,,,,No,No,No,No,No,No,No,No,No,No,No,No,No,No,No,No,No,No,No,No,No,Yes,No,No,No,No,No,No,No,No,No,No,No,No,,N/A,{1BC171F0-D3A7-4995-8709-6B903ABEDD51},,,DPD3,2015-01-12T16:33:44.000Z,17R LL 620 918
-82.442054483795516,28.050197906946096,39482,211,Copeland Park Center,Tampa,Municipal,820,Community / Recreation Center,11001 N 15th Street,Tampa,FL,33612,813-975-2743,,,,,,http://www.tampagov.net/parks-and-recreation,,,,,No,No,No,No,No,Yes,Yes,No,No,Yes,No,No,Yes,No,No,No,No,No,Yes,No,No,No,No,No,No,No,No,No,No,No,No,No,No,No,,,{7C2D4420-E292-44FE-A4AA-6DD4D4F9271C},rck8,2014-08-19T18:02:21.000Z,DPD3,2015-01-12T16:33:44.000Z,17R LM 582 036
-82.537722803900905,27.891394841138883,39419,49,Gandy Park South,Tampa,Municipal,820,Park,5120 W Gandy Blvd,Tampa,FL,33611,,Parcel,Placed on Map,,Everyday,N/A,http://www.tampagov.net/parks-and-recreation,,,,,No,No,No,Yes,Yes,No,No,No,No,No,No,No,No,No,Yes,No,No,No,Yes,No,No,Yes,No,No,No,No,No,No,No,No,No,No,No,No,,N/A,{1FB22DD4-0513-40A2-896F-6E798F132C98},,,DPD3,2015-01-12T16:33:44.000Z,17R LL 486 861
-82.465078366645955,28.04695055858533,39493,222,Forest Hills Center,Tampa,Municipal,820,Community / Recreation Center,724 W 109th Ave,Tampa,FL,33612,813-931-2105,Parcel,Placed on Map,,,,http://www.tampagov.net/parks-and-recreation,,,,,No,No,No,No,No,Yes,Yes,No,No,No,No,No,Yes,No,No,No,No,No,Yes,No,No,No,No,No,No,No,No,No,No,No,No,No,No,No,,,{78B2A4A5-0711-487D-B7FC-6EAE0B5761BB},rck8,2014-08-21T14:23:39.000Z,DPD3,2015-01-12T16:33:44.000Z,17R LM 560 032
-82.395918024100766,27.965605474047884,39481,210,Oak Park Center,Tampa,Municipal,820,Community / Recreation Center,5215 E 15th Ave,Tampa,FL,33619,813-622-1904,,,,,,http://www.tampagov.net/parks-and-recreation,,,,,No,No,No,No,No,Yes,Yes,No,No,No,No,No,No,No,No,No,No,No,Yes,No,No,No,No,No,No,No,No,No,No,No,No,No,No,No,,,{804A5296-DAD7-4B0A-A7AA-6EFD21EF52F2},rck8,2014-08-19T17:20:56.000Z,rck8,2017-02-03T12:37:12.000Z,17R LL 626 941
-82.477169839782135,27.934662675176572,39330,70,Kate Jackson Community Center,Tampa,Municipal,820,Community / Recreation Center,821 S Rome Ave,Tampa,FL,33606,813-259-1608,Building,Placed on Map,,Everyday,N/A,http://www.tampagov.net/parks-and-recreation,N/A,,,,No,No,No,No,No,Yes,Yes,No,No,No,No,No,No,No,No,No,No,No,Yes,No,No,No,No,No,No,No,No,No,No,No,No,No,No,No,Anderson Park,N/A,{70FD2AC4-F0E5-4E04-8FD9-6FA936A9837F},,,rck8,2016-02-25T13:52:34.000Z,17R LL 546 908
-82.465677674312971,27.999218119259783,39436,55,Henry and Ola Park,Tampa,Municipal,820,Park,502 W Henry Ave,Tampa,FL,33604,813-231-5279,Parcel,Placed on Map,,Everyday,N/A,http://www.tampagov.net/parks-and-recreation,,,,,No,Yes,No,No,No,Yes,No,No,No,No,No,No,No,No,No,No,Yes,No,Yes,Yes,No,No,No,Yes,No,No,No,No,No,Yes,No,No,No,No,,N/A,{242DA40A-EF04-4C6D-9781-704EA0CD55F2},,,DPD3,2015-01-12T16:33:44.000Z,17R LL 558 979
-82.431819121862389,28.026097759685616,39454,100,Rowlett Park,Tampa,Municipal,820,Park, 2501 River Hills Drive,Tampa,FL,33604,,Parcel,Placed on Map,,,,http://www.tampagov.net/parks-and-recreation,,,,,No,Yes,No,No,No,No,No,No,Yes,No,No,Yes,No,Yes,No,No,Yes,No,Yes,Yes,Yes,Yes,No,No,Yes,No,No,No,No,No,No,No,No,No,,,{48EAB0F1-1830-4960-A376-716C455574CA},,,rck8,2015-05-01T13:51:01.000Z,17R LM 592 009
-82.403631995906295,28.049720138231425,39434,53,Greco Softball Complex,Tampa,Municipal,820,Sports Complex / Ball Fields,11000 N 50th St,Tampa,FL,33617,,Parcel,Placed on Map,N/A,Everyday,N/A,http://www.tampagov.net/parks-and-recreation,,,,,No,Yes,No,No,No,No,No,Yes,No,No,No,No,No,No,No,No,No,No,Yes,No,No,No,No,No,No,No,No,No,No,No,No,No,No,No,,N/A,{89C07FB0-9242-4B35-9E10-744EDA35C6C3},,,DPD3,2015-01-12T16:33:44.000Z,17R LM 620 035
-82.453006195521766,27.928930000178365,39397,35,Davis Islands Park,Tampa,Municipal,820,Park,155 Columbia Dr,Tampa,FL,33606,,Parcel,Placed on Map,,Everyday,N/A,http://www.tampagov.net/parks-and-recreation,,,,,No,Yes,No,No,No,No,No,No,No,No,No,No,No,No,No,No,Yes,No,Yes,Yes,No,No,No,Yes,No,No,No,No,No,No,No,No,No,No,,N/A,{A52390F9-3C6F-4306-89E4-76B76A1AEC63},,,DPD3,2015-01-12T16:33:44.000Z,17R LL 570 901
-82.447975831958317,28.017706536340768,39375,101,Patterson Street Park,Tampa,Municipal,820,Park,1018 E Patterson St,Tampa,FL,33604,,Parcel,Placed on Map,,Everyday,N/A,http://www.tampagov.net/parks-and-recreation,,,,,No,No,No,No,No,No,No,No,No,No,No,No,No,No,No,No,Yes,No,No,No,No,Yes,No,No,No,No,No,No,No,No,No,No,No,No,,N/A,{C4A9C534-5FBD-4352-94B4-7771C9C2A30A},,,DPD3,2015-01-12T16:33:44.000Z,17R LM 576 000
-82.460973581454482,27.947846923407727,39359,91,Kiley Gardens,Tampa,Municipal,820,Arboretum / Botanical Garden,400 N Ashley Dr,Tampa,FL,33602,,Parcel,Placed on Map,,Everyday,N/A,http://www.tampagov.net/parks-and-recreation,,,,,No,No,No,No,No,No,No,No,No,No,No,No,No,No,No,No,No,No,No,No,No,No,No,No,No,No,No,No,No,No,No,Yes,No,No,,N/A,{57D2E166-DCFD-456C-92C3-7773C5E04FD0},,,DPD3,2015-01-12T16:33:44.000Z,17R LL 562 922
-82.458813165298366,27.945240132748818,39474,167,MacDill Park on the Riverwalk,Tampa,Municipal,820,Park,100 N Ashley Dr,Tampa,FL,33602,,Parcel,Placed on Map,MacDill Park on the Riverwalk is ¾ of an acre park along the Hillsborough River in the heart of downtown Tampa that honors the contribution MacDill AFB has made to the community. The park includes 225 linear feet of riverwalk and is one of four parks alo,,,http://www.tampagov.net/parks-and-recreation,,,,,No,No,No,No,No,No,No,No,No,No,No,No,No,No,No,No,No,No,No,No,No,Yes,No,No,No,No,No,No,No,No,No,No,No,No,,,{EB4DE181-EA40-421E-AB43-79D7BE16E1E4},,,DPD3,2015-01-12T16:33:44.000Z,17R LL 564 919
-82.430930579909969,27.963437847247491,39383,169,East Ybor Park,Tampa,Municipal,820,Park,2202 N 26th St,Tampa,FL,33605,,Parcel,Placed on Map,,Everyday,N/A,http://www.tampagov.net/parks-and-recreation,,,,,No,No,No,No,No,No,No,No,No,No,No,Yes,No,No,No,No,Yes,No,No,Yes,No,No,No,Yes,No,No,No,No,No,No,No,No,No,No,,N/A,{4EB84D8A-6436-415B-BC7A-7C29AD76CDDB},,,DPD3,2015-01-12T16:33:44.000Z,17R LL 592 939
-82.482724333577409,27.957335440892439,39408,129,Salcines Park,Tampa,Municipal,820,Park,1705 N Howard Ave,Tampa,FL,33607,,Parcel,Placed on Map,,Everyday,N/A,http://www.tampagov.net/parks-and-recreation,,,,,No,No,No,No,No,No,No,No,No,No,No,No,No,No,No,No,No,No,No,No,No,No,No,No,No,No,No,No,No,No,No,No,No,No,,N/A,{B254407F-3FE0-4517-AF4B-7F887500225B},,,DPD3,2015-01-12T16:33:44.000Z,17R LL 541 933
-82.448809255074792,28.031193753177192,39446,201,Springhill Community Center,Tampa,Municipal,820,Community / Recreation Center,1000 E Eskimo Avenue,Tampa,FL,33604,813-274-3314,Building,Placed on Map,,Everyday,N/A,http://www.tampagov.net/parks-and-recreation,,,,,No,No,No,No,No,Yes,Yes,No,No,No,No,No,Yes,No,No,No,No,No,Yes,No,No,No,No,No,No,No,No,No,No,,No,No,No,No,,N/A,{D40FBC17-7BED-4618-80E8-805B8CE1AD64},,,DPD3,2015-01-12T16:33:44.000Z,17R LM 575 015
-82.51140110678719,27.932577762301584,39374,164,"Clifton ""Cal"" Dickson Tennis Center",Tampa,Municipal,820,Sports Complex / Ball Fields,4011 W Watrous Ave,Tampa,FL,33629,813-259-1893,Parcel,Placed on Map,,Everyday,N/A,http://www.tampagov.net/parks-and-recreation,,,,,No,Yes,No,No,No,No,No,No,No,No,No,No,No,No,No,No,No,No,Yes,No,Yes,No,No,No,No,No,No,No,No,No,No,No,No,No,,N/A,{9521F59E-DBE4-4CBC-BD6A-8218810C351F},,,DPB4,2015-03-02T16:42:30.000Z,17R LL 512 906
-82.459413478570298,27.942444965120227,39469,147,Tony Jannus Park,Tampa,Municipal,820,Park,200 Bayshore Blvd,Tampa,FL,33606,,Parcel,Placed on Map,"Located at the intersection of Bayshore Boulevard and Platt Street, Tony Janus Park is situated near the beginning of the Bayshore Sidewalk. The park was erected in February 1956 to honor Tony Janus, who completed the first-ever commercial flight from St",,,http://www.tampagov.net/parks-and-recreation,,,,,No,No,No,No,No,No,No,No,No,No,No,No,No,No,No,No,No,No,No,No,No,No,No,No,No,No,No,No,No,No,No,No,No,No,,,{70C9CCA8-085F-4CCD-97B1-830AF0FE074D},,,DPD3,2015-01-12T16:33:44.000Z,17R LL 564 916
-82.480073110851833,27.936827502397264,39431,192,Hyde Park,Tampa,Municipal,820,Park,702 S Albany Ave,Tampa,FL,33606,813-259-1687,Parcel,Placed on Map,,Everyday,N/A,http://www.tampagov.net/parks-and-recreation,,,,,Yes,Yes,No,No,No,No,No,No,No,No,No,No,No,No,No,No,Yes,No,No,No,No,No,No,Yes,No,No,No,No,No,No,No,No,No,No,,N/A,{D8425C36-BF14-482D-A1DD-8413ADE9D052},,,DPD3,2015-01-12T16:33:44.000Z,17R LL 543 910
-82.611326968092683,27.971480650588074,39352,10,Ben T Davis Beach,Tampa,Municipal,820,Beach,7740 W Courtney Campbell Causeway,Tampa,FL,33607,,Parcel,Placed on Map,,Everyday,N/A,http://www.tampagov.net/parks-and-recreation,,,,,No,No,Yes,Yes,No,No,No,No,No,No,No,Yes,No,No,No,No,No,No,Yes,Yes,No,No,No,No,No,No,No,No,No,No,No,No,No,No,,N/A,{BCF43F1E-F830-4294-A2E4-8450F703FF9D},,,PRQH,2017-03-15T16:50:30.000Z,17R LL 448 946
-82.460205940427187,27.940901385828383,39353,155,AIDS Memorial Park,Tampa,Municipal,820,Park,102 W Hyde Park Place,Tampa,FL,33606,,Parcel,Placed on Map,,Temporarily Closed,N/A,http://www.tampagov.net/parks-and-recreation,"Achievement, future, community, conservation, development, good health, heritage, nature: It Starts in Parks!",,,,No,No,No,No,No,No,No,No,No,No,No,No,No,No,No,No,No,No,No,No,No,No,No,No,No,No,No,No,No,No,No,No,No,No,,N/A,{0F050FEE-6ED9-4A6C-A692-858D580D33A9},,,DPD3,2015-01-12T16:33:44.000Z,17R LL 563 915
-82.466202440645475,27.979558006794214,39333,71,Ken Suarez Clearfield Softball Field,Tampa,Municipal,820,Sports Complex / Ball Fields,611 W Indiana Ave,Tampa,FL,33603,,Parcel,Placed on Map,,Everyday,Sunrise to Sunset,http://www.tampagov.net/parks-and-recreation,,,,,No,Yes,No,No,No,No,No,No,No,No,No,No,No,No,No,No,No,No,No,No,No,No,No,No,No,No,No,No,No,No,No,No,No,No,,N/A,{235E94B2-E94C-4569-9EF2-86DE8D06E488},,,DPB4,2015-03-02T16:44:37.000Z,17R LL 558 956
-82.465792359567601,27.94467868050657,39433,193,Snow Park,Tampa,Municipal,820,Park,Intersection of W Kennedy & W Grand Central Ave,Tampa,FL,33602,,Parcel,Placed on Map,,Everyday,N/A,http://www.tampagov.net/parks-and-recreation,,,,,No,No,No,No,No,No,No,No,No,No,No,No,No,No,No,No,No,No,No,No,No,No,No,No,No,No,No,No,No,No,No,No,No,No,,N/A,{A79A5F39-AE05-4F13-BA89-8A79BF8D8279},,,DPD3,2015-01-12T16:33:44.000Z,17R LL 557 919
-82.477408431549264,27.934300749528113,39339,4,Anderson Park,Tampa,Municipal,820,Park,821 S Rome Ave,Tampa,FL,33606,813-259-1704,Parcel,Placed on Map,,Everyday,N/A,http://www.tampagov.net/parks-and-recreation,,,,,No,No,No,No,No,Yes,No,No,No,No,No,No,No,No,No,No,Yes,No,Yes,No,No,No,No,Yes,No,No,No,No,Yes,No,No,No,No,No,Kate Jackson,N/A,{D06C97E2-5D73-4E81-98EA-8AD1836CBC5F},,,DPD3,2015-01-12T16:33:44.000Z,17R LL 546 908
-82.421197211968348,27.952583345945577,39463,89,McKay Bay Nature Park,Tampa,Municipal,820,Park,134 N 34th St,Tampa,FL,33605,,Parcel,Placed on Map,"McKay Bay Nature Park showcases McKay Bay as a national avian sanctuary, where bird- and wildlife-watching opportunities abound. A 0.17-mile boardwalk trail winds through the mangroves toward the extensive mudflats of McKay Bay.",,,http://www.tampagov.net/parks-and-recreation,,,,,No,No,No,No,No,No,No,No,No,No,No,No,No,No,No,No,No,No,No,No,No,Yes,No,No,No,No,No,No,No,No,No,No,No,No,,,{2F7744A2-DE47-4AD3-BD2A-8B75317DF84C},,,rck8,2015-05-01T15:21:52.000Z,17R LL 606 923
-82.453153049246751,28.029085901698924,39376,24,Cheney Park,Tampa,Municipal,820,Park,801 E Yukon St,Tampa,FL,33604,,Parcel,Placed on Map,,Everyday,N/A,http://www.tampagov.net/parks-and-recreation,,,,,No,No,No,No,No,No,No,No,No,No,No,Yes,No,Yes,No,No,No,No,Yes,Yes,No,Yes,No,No,No,No,No,No,No,No,No,No,No,No,,N/A,{0765ABE3-D5D9-4DA4-BB93-8E7BF919BAEA},,,DPB4,2015-03-02T19:27:38.000Z,17R LM 571 012
-82.426668970165068,28.019884881412711,39373,163,Rogers Park Golf Course,Tampa,Municipal,820,Golf Course,7910 N 30th St,Tampa,FL,33610,813-356-1670,Parcel,Placed on Map,,Everyday,N/A,http://www.rogersparkgc.com/,,,,,No,No,No,No,No,No,No,No,No,No,Yes,No,No,No,No,No,No,No,Yes,No,No,No,No,No,No,No,No,No,No,No,No,No,No,No,,N/A,{C2A84CD2-9B46-4D0D-880A-94916F13CC9B},,,DP7D,2014-12-02T15:01:51.000Z,17R LM 597 002
-82.423093860707183,27.978379254020371,39491,220,NFL YET Center at Jackson Heights,Tampa,Municipal,820,Sports Complex / Ball Fields,3310 E Lake Ave,Tampa,FL,33610,813-242-5346,Parcel,Placed on Map,,,,http://www.tampagov.net/parks-and-recreation,,,,,No,No,No,No,No,Yes,Yes,No,No,Yes,No,No,Yes,No,No,No,No,No,Yes,No,No,No,No,No,No,No,No,No,No,No,No,No,No,No,Jackson Heights Center,,{C1643738-41AA-41CA-8455-96B3FA25C3B1},rck8,2014-08-21T13:24:27.000Z,DPD3,2015-01-12T16:33:44.000Z,17R LL 600 956
-82.474769138886927,27.973671178951452,39384,107,Plymouth Park,Tampa,Municipal,820,Park,3100 N Oakdale Ave,Tampa,FL,33603,,Parcel,Placed on Map,,Everyday,N/A,http://www.tampagov.net/parks-and-recreation,,,,,No,No,No,No,No,No,No,No,No,No,No,No,No,No,No,No,Yes,No,No,No,No,No,No,No,No,No,No,No,No,No,No,No,No,No,,N/A,{635C3496-98A8-4EDD-B86A-98B8D3FB6A22},,,DPD3,2015-01-12T16:33:44.000Z,17R LL 549 951
-82.458412411913059,28.018512056383564,39458,172,Riverview Terrace Park,Tampa,Municipal,820,Park,7701 N Florida Ave,Tampa,FL,33604,,Parcel,Placed on Map,"Riverview Terrace Park offers a playground, basketball court, street hockey/skating amenities and plenty of open space, situated on 4.23 acres.",,,http://www.tampagov.net/parks-and-recreation,"Achievement, future, community, conservation, development, good health, heritage, nature…It Starts in Parks!",,,,No,No,No,No,No,No,No,No,No,No,No,No,No,No,No,No,Yes,No,Yes,Yes,No,No,No,Yes,No,No,No,No,No,No,No,No,No,No,,,{1D23BCFC-A3B4-44DF-81E6-99A4111EF349},,,rck8,2015-05-01T14:37:38.000Z,17R LM 566 001
-82.457658194835929,27.963873793223566,39358,90,Fernando Mesa Park,Tampa,Municipal,820,Park,2105 N Morgan St,Tampa,FL,33602,,Parcel,Placed on Map,,Everyday,N/A,http://www.tampagov.net/parks-and-recreation,,,,,No,No,No,No,No,No,No,No,No,No,No,No,No,No,No,No,Yes,No,Yes,Yes,No,No,No,No,No,No,No,No,No,No,No,No,No,No,,N/A,{B0BE536E-DA04-4AE9-8697-9AB437E1E130},,,DPD3,2015-01-12T16:33:44.000Z,17R LL 566 940
-82.466479124873047,28.005934605769617,39467,194,Epps Park,Tampa,Municipal,820,Park,Intersection of W Fern St & N Otis Ave,Tampa,FL,33604,,Parcel,Placed on Map,,,,http://www.tampagov.net/parks-and-recreation,,,,,No,No,No,No,No,No,No,No,No,No,No,No,No,No,No,No,No,No,No,No,No,No,No,No,No,No,No,No,No,No,No,No,No,No,,,{61095BE5-4A64-4673-83E2-9AC96ECF14F8},,,rck8,2015-05-01T19:33:15.000Z,17R LL 558 987
-82.513764953385078,27.919533100484458,39349,82,Marcellino Chelo Huerta Jr Friendship Park,Tampa,Municipal,820,Park,4124 W Bay to Bay Blvd,Tampa,FL,33629,813-832-1200,Parcel,Placed on Map,,Everyday,N/A,http://www.tampagov.net/parks-and-recreation,,,,,No,No,No,No,No,Yes,No,No,No,No,No,No,No,No,No,No,Yes,No,Yes,Yes,No,No,No,Yes,No,No,No,No,No,No,No,No,No,No,Friendship Park,N/A,{FCCF357F-586B-4E96-8759-9F839BC02B85},,,DPD3,2015-01-12T16:33:44.000Z,17R LL 510 892
-82.466218948896127,27.979559952387053,39424,189,Taylor Art Studio,Tampa,Municipal,820,Museum / Cultural,611 W Indiana Ave,Tampa,FL,33603,813-274-8364,Building,Placed on Map,,Everyday,N/A,http://www.tampagov.net/parks-and-recreation,,,,,Yes,No,No,No,No,No,No,No,No,No,No,No,No,No,No,No,No,No,Yes,No,No,No,No,No,No,No,No,No,No,No,No,No,No,No,,N/A,{3F49A067-ADFF-4F03-AD48-9F92775F37F9},,,DPD3,2015-01-12T16:33:44.000Z,17R LL 558 958
-82.447699390076167,28.028320504784283,39423,50,George Bartholomew Center,Tampa,Municipal,820,Community / Recreation Center,8608 N 12th St,Tampa,FL,33604,813-931-2109,Building,Placed on Map,,Everyday,N/A,http://www.tampagov.net/parks-and-recreation,,,,,No,No,No,No,No,Yes,Yes,No,No,No,No,No,No,No,No,No,No,No,Yes,No,No,No,No,No,No,No,No,No,No,No,No,No,No,No,,N/A,{4DE1DB48-7E74-4B65-85D6-A3BB88A5AA73},,,DPD3,2015-01-12T16:33:44.000Z,17R LM 576 011
-82.452464492864848,28.020779167392746,39429,137,Sulphur Springs Park,Tampa,Municipal,820,Park,701 E Bird St,Tampa,FL,33604,813-931-2156,Parcel,Placed on Map,,Everyday,N/A,http://www.tampagov.net/parks-and-recreation,,,https://parks.tampagov.net/web/wbwsc/webtrac.wsc/search.html?display=detail&module=FR&SessionID=si,,No,No,No,No,No,No,No,No,No,No,No,Yes,No,No,Yes,No,Yes,Yes,Yes,Yes,No,Yes,No,No,No,No,No,No,No,No,No,No,No,No,,SulphurMap.pdf,{F66E2977-DF60-49D9-AC99-A48C5A818BFF},,,DPD3,2015-01-12T16:33:44.000Z,17R LM 572 003
-82.418851741069915,28.024365103881379,39332,146,Temple Crest Park,Tampa,Municipal,820,Park,8116 N 37th St,Tampa,FL,33604,813-989-7606,Parcel,Placed on Map,,Everyday,N/A,http://www.tampagov.net/parks-and-recreation,,,,,No,Yes,No,No,No,Yes,No,No,No,No,No,Yes,No,No,No,No,Yes,No,Yes,Yes,No,No,No,Yes,No,No,No,No,No,No,No,No,No,No,,N/A,{06825A20-FE8D-455E-9A89-A7F23B9E6A21},,,DPD3,2015-01-12T16:33:44.000Z,17R LM 605 007
-82.407952055168678,27.98929674911837,39477,206,Williams Pool,Tampa,Municipal,820,Public Pool,4362 E Osborne Ave,Tampa,FL,33610,,,,,,,http://www.tampagov.net/parks-and-recreation,,,,,No,No,No,No,No,No,No,No,No,No,No,No,No,No,No,No,No,Yes,Yes,No,No,No,No,No,No,No,No,No,No,No,No,,No,No,,,{DB686E95-1E2E-490B-801F-A9180AF78C8E},rck8,2014-08-19T14:59:08.000Z,DPD3,2015-01-12T16:33:44.000Z,17R LL 615 968
-82.325176002478983,28.141241988709702,39390,171,Benito Center,Tampa,Municipal,820,Park,10065 Cross Creek Blvd,Tampa,FL,33647,813-907-2863,Parcel,Placed on Map,,Everyday,N/A,http://www.tampagov.net/parks-and-recreation,,,,,No,No,No,No,No,Yes,No,No,No,No,No,No,No,No,No,No,No,No,Yes,No,No,No,No,No,No,No,No,No,No,Yes,No,No,No,No,,N/A,{E999D86F-7DC6-4037-A61E-A9447FB460FA},,,DPD3,2015-01-12T16:33:44.000Z,17R LM 698 135
-82.55734019493967,27.978290359974672,39369,162,Rocky Point  Golf Course,Tampa,Municipal,820,Golf Course,4151 Dana Shores Dr,Tampa,FL,33634,813-673-4316,Parcel,Placed on Map,,Everyday,N/A,http://www.rockypointgc.com/,,,,,No,No,No,No,No,No,No,No,No,No,Yes,No,No,No,No,No,No,No,Yes,No,No,No,No,No,No,No,No,No,No,No,No,No,No,No,,N/A,{9BC4BD5B-81B3-4578-AB97-A9AB9DF2E5AB},,,DP7D,2014-12-02T15:01:51.000Z,17R LL 468 957
-82.537834915081419,27.951324173144346,39382,28,Cypress Point Park,Tampa,Municipal,820,Park,5620 W Cypress St,Tampa,FL,33607,,Parcel,Placed on Map,,Everyday,N/A,http://www.tampagov.net/parks-and-recreation,,,https://parks.tampagov.net/web/wbwsc/webtrac.wsc/search.html?display=detail&module=FR&SessionID=si,,No,No,Yes,No,Yes,No,No,No,No,No,No,Yes,No,No,No,No,Yes,No,Yes,Yes,No,Yes,No,No,No,No,No,No,,No,Yes,No,No,No,,Cypress_Point_Shelter_Map09.pdf,{6FB68F85-D6FB-47B5-B835-AA6627EF6AF1},,,rck8,2016-09-19T16:08:21.000Z,17R LL 487 927
-82.494950200974529,27.958553846060177,39451,67,Macfarlane Park,Tampa,Municipal,820,Park,1700 N MacDill Ave,Tampa,FL,33607,813-348-1180,Parcel,Placed on Map,,Everyday,N/A,http://www.tampagov.net/parks-and-recreation,,,https://parks.tampagov.net/web/wbwsc/webtrac.wsc/search.html?display=detail&module=FR&SessionID=si,,No,Yes,No,No,No,Yes,No,No,No,No,No,Yes,No,Yes,No,Yes,Yes,No,Yes,Yes,Yes,Yes,No,Yes,Yes,No,No,No,No,No,No,No,No,No,,macfarlanemap.pdf,{36B5332C-88CC-4354-AF43-AC9847EDC93D},,,rck8,2015-05-01T12:35:39.000Z,17R LL 529 935
-82.402247387548584,27.944575280953298,39354,88,McKay Bay Bike Trail - East,Tampa,Municipal,820,Trail / Trailhead,513 S 50th St,Tampa,FL,33619,,Parcel,Placed on Map,,Everyday,N/A,http://www.tampagov.net/parks-and-recreation,,,,,No,No,No,No,No,No,No,No,No,No,No,No,No,No,No,No,No,No,No,No,No,Yes,No,No,No,No,No,No,No,No,No,No,No,No,,N/A,{8104BA09-B5AC-4B4A-B1F5-AE41F4896582},,,DPD3,2015-01-12T16:33:44.000Z,17R LL 620 918
-82.465293299696228,27.993009326074915,39441,198,Ignacio Haya Linear Park,Tampa,Municipal,820,Park,5000 N River Blvd,Tampa,FL,33603,,Parcel,Placed on Map,,Everyday,Sunrise to Sunset,http://www.tampagov.net/parks-and-recreation,,,,,No,No,No,No,No,No,No,No,No,No,No,No,No,No,No,No,No,No,No,No,No,No,No,No,No,No,No,No,No,No,No,No,No,No,,NA,{B48377E3-E118-4DC0-BC0C-B153BE00D803},,,DPD3,2015-01-12T16:33:44.000Z,17R LL 559 972
-82.478436984502267,28.009387020109127,39396,175,Rome and Sligh Park,Tampa,Municipal,820,Park,6800 N Rome Ave,Tampa,FL,33604,,Parcel,Placed on Map,,Everyday,N/A,http://www.tampagov.net/parks-and-recreation,,,,,No,Yes,No,No,No,No,No,No,No,No,No,No,No,No,No,No,No,No,Yes,No,No,No,No,No,No,No,No,No,No,Yes,No,No,No,No,,N/A,{F8939865-6EA8-4D82-90DF-B31FD02A5D1A},,,DPD3,2015-01-12T16:33:44.000Z,17R LL 546 991
-82.44131230298008,28.014932543409433,39501,,Druid Park,,,820,,1627 E Mulberry Dr.,Tampa,FL,33604,,,,,,,,,,,,,,,,,,,,,,,,,,,,,,,,,,,,,,,,,,,,,,,,{979E251B-DAD6-4CF4-ACAA-B37C97932E0D},rck8,2017-03-17T15:12:29.000Z,rck8,2017-03-17T15:13:13.000Z,
-82.481492517232454,27.889596429089178,39343,7,Ballast Point Park,Tampa,Municipal,820,Park,5300 Interbay Blvd,Tampa,FL,33611,813-832-1207,Parcel,Placed on Map,,Everyday,N/A,http://www.tampagov.net/parks-and-recreation,,,,,No,No,No,Yes,No,No,No,No,No,Yes,No,Yes,No,No,Yes,No,Yes,No,Yes,Yes,No,No,No,No,No,No,No,No,Yes,No,No,No,No,No,,Ballast_Point_Shelter_Map_09.pdf,{0F649CE8-678D-493A-9E95-B65415476C17},,,DPD3,2015-01-12T16:33:44.000Z,17R LL 541 858
-82.483014688901193,27.928318264014504,39438,196,Berns Park,Tampa,Municipal,820,Park,1400 S Howard Avenue,Tampa,FL,33606,,Parcel,Placed on Map,,Everyday,Sunrise to Sunset,http://www.tampagov.net/parks-and-recreation,,,,,No,No,No,No,No,No,No,No,No,No,No,No,No,No,No,No,No,No,No,No,No,No,No,No,No,No,No,No,No,No,No,No,No,No,,N/A,{25070DB6-87AC-4F82-A67C-B654EB28D268},,,DPD3,2015-01-12T16:33:44.000Z,17R LL 540 901
-82.458525352309053,27.947931654804549,39341,78,Lykes Gaslight Square Park,Tampa,Municipal,820,Park,410 N Franklin St,Tampa,FL,33602,,Parcel,Placed on Map,,Everyday,Sunrise to Sunset,http://www.tampagov.net/parks-and-recreation,,,,0,No,No,No,No,No,No,No,No,No,No,No,No,No,No,No,No,No,No,No,No,No,No,No,No,No,No,No,No,No,No,No,No,No,No,,N/A,{AB79A957-E4F8-44C9-BD2D-B868D2CC4DBC},,,DPD3,2015-01-12T16:33:44.000Z,17R LL 565 922
-82.436526701846915,27.980037378290525,39487,216,Cyrus Greene Pool,Tampa,Municipal,820,Public Pool,2101 E Dr Martin Luther King Blvd,Tampa,FL,33610,,Parcel,Placed on Map,,,,http://www.tampagov.net/parks-and-recreation,,,,,No,No,No,No,No,No,No,No,No,No,No,No,No,No,No,No,No,Yes,No,No,,No,No,No,No,No,No,No,,No,No,No,No,No,,,{17A45B1C-7422-47E9-8F51-BC041E731259},rck8,2014-08-20T14:13:17.000Z,DPD3,2015-01-12T16:33:44.000Z,17R LL 587 958
-82.433798114416291,28.038414646954678,39381,168,David E West Park,Tampa,Municipal,820,Park,2212 E 97th Ave,Tampa,FL,33612,,Parcel,Placed on Map,,Everyday,N/A,http://www.tampagov.net/parks-and-recreation,,,,,No,No,No,No,No,No,No,No,No,No,No,No,No,No,No,No,Yes,No,Yes,No,No,Yes,No,No,No,No,No,No,No,No,No,No,No,No,,N/A,{83E842F4-9448-4A96-925C-BF711CF3C0F8},,,DPD3,2015-01-12T16:33:44.000Z,17R LM 590 022
-82.46732233687716,28.012441169159224,39448,63,Lowry Park,Tampa,Municipal,820,Park,7525 N Boulevard,Tampa,FL,33604,,Parcel,Placed on Map,,Everyday,N/A,http://www.tampagov.net/parks-and-recreation,,,https://parks.tampagov.net/web/wbwsc/webtrac.wsc/search.html?display=detail&module=FR&SessionID=si,,No,No,No,Yes,Yes,No,No,No,No,No,No,Yes,No,No,No,No,Yes,No,Yes,Yes,No,Yes,No,No,No,No,No,No,No,No,No,Yes,No,No,,lowrymap.pdf,{193AD77E-8ACC-45F7-83AD-C0016E02C812},,,DP7D,2015-05-19T17:16:08.000Z,17R LL 558 997
-82.447694786667626,28.02831445292944,39437,195,North Tampa Park,Tampa,Municipal,820,Park,8608 N 12th St,Tampa,FL,33604,813-931-2109,Parcel,Placed on Map,,Everyday,N/A,http://www.tampagov.net/parks-and-recreation,,,,,No,No,No,No,No,Yes,No,No,No,No,No,No,No,No,No,No,No,No,Yes,Yes,No,No,No,Yes,No,No,No,No,No,No,No,No,No,No,,N/A,{23C00BFC-C357-4C53-B746-C10D84F2C4B1},,,DPB4,2015-03-02T17:55:22.000Z,17R LM 576 011
-82.458941977689847,28.021365854182168,39456,120,River Tower Park,Tampa,Municipal,820,Park,401 E Bird St,Tampa,FL,33604,,Parcel,Placed on Map,"River Tower Park, 12.52 acres, is adjacent to the Hillsborough River and is a beautiful area to relax or picnic. It also is situated next to Sulphur Springs Park, which offers many amenities.<p>Our community centers, parks and playgrounds provide a safe,",,,http://www.tampagov.net/parks-and-recreation,"Achievement, future, community, conservation, development, good health, heritage, nature…It Starts in Parks!",,,,No,No,No,No,No,No,No,No,No,No,No,No,No,Yes,Yes,No,No,No,No,No,No,No,,,,,,,,,,,,,,,{5F5260E2-317C-4E7A-AD30-C3CFDCC9BAF4},,,DPB4,2015-03-02T17:34:01.000Z,17R LM 566 004
-82.517837975927321,27.928755703979448,39449,64,Interbay Pool,Tampa,Municipal,820,Public Pool,4321 W Estrella St,Tampa,FL,33629,813-282-2910,Building,Placed on Map,,Everyday,N/A,http://www.tampagov.net/parks-and-recreation,,,,,No,No,No,No,No,No,No,No,No,No,No,No,No,No,No,No,No,Yes,Yes,No,No,No,No,No,No,No,No,No,No,No,No,No,No,No,,N/A,{B5544522-6877-403E-98C7-C582E2B8A143},,,rck8,2015-05-01T12:30:47.000Z,17R LL 506 902
-82.480317650128711,27.991401388390496,39340,149,Wellswood Park,Tampa,Municipal,820,Park,4918 N Mendenhall Dr,Tampa,FL,33603,813-348-2060,Parcel,Placed on Map,,Everyday,Sunrise to Sunset,http://www.tampagov.net/parks-and-recreation,,,,,No,Yes,No,No,No,Yes,No,No,No,No,No,No,No,No,No,No,Yes,No,Yes,Yes,No,No,No,Yes,No,No,No,No,No,Yes,No,No,No,No,,N/A,{A627959F-95AA-4D6D-97A0-C5A02471DF22},,,DPD3,2015-01-12T16:33:44.000Z,17R LL 544 971
-82.458099583309021,28.011420726505538,39336,3,American Legion Park,Tampa,Municipal,820,Park,106 E Sligh Ave,Tampa,FL,33604,813-231-5275,Parcel,Placed on Map,"American Legion Park is a neighborhood park, accessible to bicyclists and pedestrians. It includes a playground, sand volleyball courts, and activity center.",Everyday,Sunrise to Sunset,http://www.tampagov.net/parks-and-recreation, ,,,,No,Yes,No,No,No,No,No,No,No,No,No,No,No,No,No,No,Yes,No,Yes,No,No,No,No,Yes,No,No,No,No,No,No,Yes,No,No,No,,N/A,{0FB9D42B-FE6A-4D88-B4CD-C6AA889F780B},,,DPD3,2015-01-12T16:33:44.000Z,17R LL 566 993
-82.386848795344534,28.130398133388898,39464,93,New Tampa Community Park,Tampa,Municipal,820,Park,17302 Commerce Park Blvd,Tampa,FL,33647,813-975-2794,Parcel,Placed on Map,"The 40-acre park was made possible through an agreement between the City of Tampa and the School District of Hillsborough County. The park has 4 softball fields, 5 soccer fields, a concession stand and restrooms.",,,http://www.tampagov.net/parks-and-recreation,The skate park is open to skateboarders and in-line skaters only.,,,,No,Yes,No,No,No,Yes,No,Yes,Yes,No,No,No,No,No,No,No,Yes,No,No,No,No,No,No,No,No,No,No,No,No,Yes,No,No,No,No,,,{F1CDDD47-461F-4C3E-9AEC-C95BB34CBCC5},,,rck8,2015-05-01T18:36:04.000Z,17R LM 637 123
-82.446979358361048,27.948381141147696,39442,199,Washington Street Park,Tampa,Municipal,820,Park,118 N 12th Street,Tampa,FL,33602,,Building,Placed on Map,,Everyday,Sunrise to Sunset,http://www.tampagov.net/parks-and-recreation,,,,,No,No,No,No,No,No,No,No,Yes,No,No,No,No,Yes,No,No,No,No,No,No,No,No,No,No,No,No,No,No,No,No,No,No,No,No,,NA,{15C32B7E-A32A-45AE-9CB7-CB48C102BA5A},,,DPD3,2015-01-12T16:33:44.000Z,17R LL 576 923
-82.440083891983221,28.049293048572565,39371,19,Copeland Park,Tampa,Municipal,820,Park,11001 N 15th St,Tampa,FL,33612,813-975-2743,Parcel,Placed on Map,,Everyday,N/A,http://www.tampagov.net/parks-and-recreation,,,https://parks.tampagov.net/web/wbwsc/webtrac.wsc/search.html?display=detail&module=FR&SessionID=si,,No,Yes,No,No,No,Yes,No,No,No,No,No,Yes,No,Yes,No,No,Yes,Yes,Yes,Yes,Yes,Yes,No,Yes,Yes,No,No,No,No,Yes,Yes,No,No,No,,copelandmap.pdf,{E245B294-2178-40DC-BACA-CCFB313DE8BD},,,DPD3,2015-01-12T16:33:44.000Z,17R LM 584 034
-82.521822128082107,27.888006429962388,39372,99,Palma Ceia Lions Park,Tampa,Municipal,820,Park,4525 W Pearl Ave,Tampa,FL,33611,,Parcel,Placed on Map,,Everyday,N/A,http://www.tampagov.net/parks-and-recreation,,,,,No,Yes,No,No,No,No,No,No,No,No,No,No,No,No,No,No,Yes,No,Yes,Yes,No,No,No,Yes,No,No,No,No,No,Yes,No,No,No,No,,N/A,{E625D569-74FF-4B90-A5F6-CD5FCE2245F2},,,DPB4,2015-03-02T19:28:23.000Z,17R LL 501 857
-82.441834543092128,28.050519838529677,39483,212,Copeland Park Pool,Tampa,Municipal,820,Public Pool,11001 N 15th Street,Tampa,FL,33612,,,,,,,http://www.tampagov.net/parks-and-recreation,,,,,No,No,No,No,No,No,No,No,No,No,No,No,No,No,No,No,No,Yes,Yes,No,No,No,No,No,No,No,No,No,No,No,No,No,No,No,,,{EDB5AA66-CC99-4074-B496-CF1A3CB8F255},rck8,2014-08-19T18:12:17.000Z,DPD3,2015-01-12T16:33:44.000Z,17R LM 582 036
-82.435409978370913,27.980572057871381,39386,29,Cyrus Greene Park,Tampa,Municipal,820,Park,2101 E Dr Martin Luther King Jr Blvd,Tampa,FL,33610,813-242-5350,Parcel,Placed on Map,,Everyday,N/A,http://www.tampagov.net/parks-and-recreation,,,,,No,Yes,No,No,No,Yes,No,No,No,No,No,No,No,No,No,No,Yes,Yes,No,No,No,No,No,Yes,No,No,No,No,,No,No,No,No,,,N/A,{3CBDEF8A-8A6D-44EA-8994-D2051CFC2A27},,,DPD3,2015-01-12T16:33:44.000Z,17R LL 588 958
-82.478467270814448,27.971825958258304,39413,182,Duran Park,Tampa,Municipal,820,Park,1298 W Coral St,Tampa,FL,33602,,Parcel,Placed on Map,,Everyday,N/A,http://www.tampagov.net/parks-and-recreation,,,,,No,Yes,No,No,No,No,No,No,No,No,No,No,No,No,No,No,Yes,No,No,Yes,No,No,No,Yes,No,No,No,No,No,Yes,No,No,No,No,,N/A,{0D1D2091-7954-4977-98CC-D4ACBE2F8B45},,,DPD3,2015-01-12T16:33:44.000Z,17R LL 545 949
-82.48021078714649,27.99166757496247,39476,205,Wellswood Center,Tampa,Municipal,820,Community / Recreation Center,4918 N Mendenhall Drive,Tampa,FL,33603,813-348-2060,,,,,,http://www.tampagov.net/parks-and-recreation,,,,,No,No,No,No,No,Yes,No,No,No,No,No,No,No,No,No,No,No,No,Yes,No,No,No,No,No,No,No,No,No,No,No,No,No,No,No,,,{53C5D20E-08D4-4A04-A9DD-D5EB924CA401},rck8,2014-08-19T14:35:58.000Z,DPD3,2015-01-12T16:33:44.000Z,17R LL 544 971
-82.455648658544277,27.934035326838799,39411,130,Sandra W Freedman Tennis Complex,Tampa,Municipal,820,Sports Complex / Ball Fields,59 Columbia Dr,Tampa,FL,33606,813-259-1663,Parcel,Placed on Map,"For a complete list of classes, please call 813-832-1207.",Everyday,N/A,http://www.tampagov.net/parks-and-recreation,"Achievement, future, community, conservation, development, good health, heritage, nature: It Starts in Parks!",,,,No,No,No,No,No,No,No,No,No,No,No,No,No,No,No,No,No,No,No,No,Yes,No,,,,,,,,,,,,,,N/A,{9779D403-31AC-458C-9860-D6FC29E963A0},,,DPD3,2015-01-12T16:33:44.000Z,17R LL 567 907
-82.515277722281539,27.947357472916956,39427,190,Charles B Williams Park,Tampa,Municipal,820,Park,309 N Hubert Ave,Tampa,FL,33609,,Parcel,Placed on Map,,Everyday,N/A,http://www.tampagov.net/parks-and-recreation,,,,,Yes,No,No,No,No,No,No,No,No,No,No,No,No,No,No,Yes,Yes,No,No,Yes,No,No,No,Yes,No,No,No,No,No,No,No,No,No,No,,N/A,{F8064592-FB9B-419E-A602-D7F33778E4D3},,,DPD3,2015-01-12T16:33:44.000Z,17R LL 509 922
-82.445814128303965,27.978202189449625,39489,218,Ragan Center,Tampa,Municipal,820,Community / Recreation Center,1200 E Lake Ave,Tampa,FL,33605,813-393-6523,Parcel,Placed on Map,,,,http://www.tampagov.net/parks-and-recreation,,,,,No,No,No,No,No,Yes,No,No,No,No,No,No,No,No,No,No,No,No,Yes,No,,No,No,No,No,No,No,No,No,No,No,No,No,No,,,{0FE80A86-D588-4499-B5E9-DA6D0FD63F89},rck8,2014-08-20T14:33:38.000Z,DPD3,2015-01-12T16:33:44.000Z,17R LL 578 956
-82.445871371349313,27.978859993924829,39388,114,Ragan Park,Tampa,Municipal,820,Park,1200 E Lake Ave,Tampa,FL,33605,813-393-6523,Parcel,Placed on Map,,Everyday,N/A,http://www.tampagov.net/parks-and-recreation,,,https://parks.tampagov.net/web/wbwsc/webtrac.wsc/search.html?display=detail&module=FR&SessionID=si,,No,No,No,No,No,Yes,No,No,No,No,No,No,No,No,No,No,Yes,No,Yes,Yes,No,Yes,No,No,No,No,No,No,,No,No,No,No,No,,N/A,{0FCC0B5A-36B3-4686-BE9D-DAE6CE66FB3E},,,DPD3,2015-01-12T16:33:44.000Z,17R LL 578 957
-82.465424715187069,27.998876414557088,39496,225,Henry and Ola Center,Tampa,Municipal,820,Community / Recreation Center,502 W Henry Ave,Tampa,FL,33604,813-231-5279,Parcel,Placed on Map,,,,http://www.tampagov.net/parks-and-recreation,,,,,No,No,No,No,No,Yes,No,No,No,No,No,No,No,No,No,No,No,No,Yes,No,No,No,No,No,No,No,No,No,No,No,No,No,No,No,,,{897ECA07-2052-4E9E-959C-DB4533A820CF},rck8,2014-09-05T13:29:08.000Z,DP7D,2015-05-14T16:46:17.000Z,17R LL 559 979
-82.515110253862531,27.957344628868192,39500,229,Loretta Ingraham Complex,Tampa,Municipal,820,Community / Recreation Center,1615 N Hubert Ave,Tampa,FL,33607,813-348-1175,,,,,,,,,,,No,No,No,No,No,Yes,Yes,No,No,Yes,No,No,Yes,No,No,No,No,Yes,Yes,No,No,No,No,No,No,No,No,No,No,No,No,No,No,No,,,{50AFC304-4FF6-48E8-95E6-DD347DA82F86},DP7D,2015-05-14T16:42:58.000Z,DP7D,2015-05-14T16:46:32.000Z,
-82.427901563677068,27.988636064041291,39502,,Clarence Fort Freedom Trail,,,820,Park,3803 E. Osborne Avenue,Tampa,FL,33610,,,,,,Sunrise to Sunset,https://www.tampagov.net/parks-and-recreation,,,,,No,No,No,No,No,No,No,No,No,No,No,No,No,Yes,No,No,Yes,No,No,No,No,Yes,No,No,No,No,No,No,No,No,No,No,No,No,,,{C47A00F5-B1EE-481F-8DF1-DD6EC0195C4C},,,,,
-82.480573927848653,27.936924780778856,39447,62,Hyde Park Art Studio,Tampa,Municipal,820,Museum / Cultural,702 S Albany Ave,Tampa,FL,33606,813-259-1687,Building,Placed on Map,,Everyday,N/A,http://www.tampagov.net/parks-and-recreation,,,,,Yes,No,No,No,No,No,No,No,No,No,No,No,No,No,No,No,No,No,Yes,No,No,No,No,No,No,No,No,No,No,No,No,No,No,No,,N/A,{BAAF1E76-855F-4F36-9E6C-DED52BD31D24},,,DPD3,2015-01-12T16:33:44.000Z,17R LL 543 910
-82.464774159161294,27.972155481909212,39420,187,Plymouth Playground,Tampa,Municipal,820,Playground,3100 North Ola Ave,Tampa,FL,33603,,Parcel,Placed on Map,,Everyday,N/A,http://www.tampagov.net/parks-and-recreation,,,,,No,Yes,No,No,No,No,No,No,No,No,No,No,No,No,No,No,Yes,No,No,No,No,No,No,Yes,No,No,No,No,No,No,No,No,No,No,,N/A,{2A349B6C-0750-4E42-B36F-DF9DBBDF1CA0},,,DPB4,2015-03-02T16:57:42.000Z,17R LL 559 950
-82.515737706575635,27.94738516174122,39365,95,North Hubert Art Studio,Tampa,Municipal,820,Museum / Cultural,309 N Hubert Ave,Tampa,FL,33609,813-282-2911,Building,Placed on Map,,Everyday,N/A,http://www.tampagov.net/parks-and-recreation,,,,,Yes,No,No,No,No,No,No,No,No,No,No,No,No,No,No,No,No,No,Yes,No,No,No,No,No,No,No,No,No,No,No,No,No,No,No,,N/A,{03DE3C16-9369-4955-AEDA-DFE4B5262459},,,DPD3,2015-01-12T16:33:44.000Z,17R LL 508 922
-82.454374965895155,27.987228781892082,39505,,Angus Goss Dog Park,,,820,Park,4601 N. Central Avenue,Tampa,FL,33603,813-274-8615,,,Local dog park located in Seminole Heights Neighborhood,Everyday,Sunrise to Sunset,https://www.tampagov.net/parks-and-recreation/parks-and-natural-areas/dog-parks,,,,,No,No,No,No,No,No,No,No,Yes,No,No,No,No,No,No,No,No,No,No,No,No,No,No,No,No,No,No,No,No,No,No,No,No,No,,,{7210CA9A-82A9-4A7A-A84A-DFFBAC54182C},,,,,
-82.429252548037809,27.946752160436688,39488,217,DeSoto Center,Tampa,Municipal,820,Community / Recreation Center,2617 Corrine Street,Tampa,FL,33605,813-242-5307,Parcel,Placed on Map,,,,http://www.tampagov.net/parks-and-recreation,,,,,No,No,No,No,No,Yes,Yes,No,No,No,No,No,No,No,No,No,No,No,Yes,No,No,No,No,No,No,No,No,No,No,No,No,No,No,No,,,{01981545-21DE-4EC8-8A28-E22C76BE1F8C},rck8,2014-08-20T14:22:18.000Z,DPD3,2015-01-12T16:33:44.000Z,17R LL 593 921
-82.462925321421125,27.946825316504764,39465,106,Plant Park,Tampa,Municipal,820,Park,201 W Kennedy Blvd,Tampa,FL,33606,,Parcel,Placed on Map,"Beautiful Plant Park is adjacent to the picturesque University of Tampa, with its minuets, and the Hillsborough River.",,,http://www.tampagov.net/parks-and-recreation,,,,,No,No,No,No,No,No,No,No,No,No,No,No,No,No,No,No,No,No,No,No,No,Yes,No,No,No,No,No,No,No,No,No,No,No,No,,,{F7CC7DF2-E52F-45C1-A0DF-E3368C463F8E},,,rck8,2015-05-01T19:27:15.000Z,17R LL 560 921
-82.421693369245929,28.020597968409227,39355,11,Blackwater Hammock Park,Tampa,Municipal,820,Park,7999 E Veve Lane,Tampa,FL,33610,,Parcel,Placed on Map,"Near Rogers Park Golf Course and Rowlett Park, Blackwater Hammock Park offers Florida's natural resources and beautiful surroundings as its attractions. Its meandering trails hold something special for everyone.",Everyday,N/A,http://www.tampagov.net/parks-and-recreation,,,,,No,No,No,No,No,No,No,No,No,No,No,No,No,No,No,No,No,No,No,No,No,No,No,No,No,Yes,No,No,No,No,No,No,No,No,,N/A,{70F05113-9653-4EA4-806A-E6817E1A99F8},,,DPD3,2015-01-12T16:33:44.000Z,17R LM 602 002
-82.502897331761645,27.900110543098943,39445,60,Himes Avenue Sports Complex,Tampa,Municipal,820,Sports Complex / Ball Fields,4501 S Himes Ave,Tampa,FL,33611,,Parcel,Placed on Map,,Everyday,N/A,http://www.tampagov.net/parks-and-recreation,,,,,No,Yes,No,No,No,No,No,No,No,No,No,No,No,No,No,No,Yes,No,No,No,Yes,No,No,Yes,No,No,No,No,No,No,No,No,No,No,,N/A,{2A4196A8-7BEA-4CFB-9A8C-E9496DC97EC4},,,DPD3,2015-01-12T16:33:44.000Z,17R LL 520 870
-82.488915312357321,27.922456433104383,39412,46,Fred Ball Park,Tampa,Municipal,820,Park,2621 Bayshore Blvd,Tampa,FL,33629,813-274-8615,Parcel,Placed on Map,,Everyday,N/A,http://www.tampagov.net/parks-and-recreation,,,https://parks.tampagov.net/web/wbwsc/webtrac.wsc/search.html?display=detail&module=FR&SessionID=si,,No,No,No,No,No,No,No,No,No,No,No,No,No,Yes,No,No,No,No,No,No,No,No,,,,,,,,,,,,,,Fred_Ball_Park_Map09.pdf,{A3FF9B78-5238-4D8A-9229-ECFB3C865754},,,rck8,2016-06-07T14:40:51.000Z,17R LL 534 895
-82.401115943804882,28.041538388916532,39439,141,Takomah Trail Park,Tampa,Municipal,820,Park,10099 Takomah Trail,Tampa,FL,33617,,Parcel,Placed on Map,,Everyday,N/A,http://www.tampagov.net/parks-and-recreation,,,,,No,No,No,No,No,No,No,No,No,No,No,No,No,No,No,No,No,No,No,No,No,Yes,No,No,No,Yes,No,No,No,No,No,No,No,No,,N/A,{712D06B7-25B0-4696-B71B-EDBA3832DFCE},,,DPD3,2015-01-12T16:33:44.000Z,17R LM 622 025
-82.449468015209732,27.942529137851853,39444,200,Tampa Riverwalk,Tampa,Municipal,820,Trail / Trailhead,Beneficial Drive and Channelside Drive,Tampa,FL,33602,,Other,Placed on Map,,Everyday,N/A,http://www.tampagov.net/riverwalk,,,,,No,No,No,No,No,No,No,No,No,No,No,No,No,No,No,No,No,No,No,No,No,Yes,No,No,No,No,No,No,No,No,No,No,No,No,,N/A,{CC1C1AC2-62BD-494C-A2B6-EDC2F1CE8811},,,DPB4,2015-03-02T16:37:06.000Z,17R LL 574 916
-82.524112917488992,27.869068888778127,39485,214,Port Tampa Park,Tampa,Municipal,820,Park,4702 W McCoy Street,Tampa,FL,33616,813-832-1215,Parcel,Placed on Map,,,,http://www.tampagov.net/parks-and-recreation,,,,,No,Yes,No,No,No,Yes,No,No,No,No,No,No,No,No,No,No,Yes,No,No,No,Yes,No,No,No,No,No,No,No,No,No,No,No,No,No,,,{D157B471-AD19-41D6-B25C-EE58B8D3AFC6},rck8,2014-08-20T13:48:12.000Z,DPD3,2015-01-12T16:33:44.000Z,17R LL 499 836
-82.460305721849224,27.952398713684083,39440,56,Herman Massey Park,Tampa,Municipal,820,Park,1002 N Franklin St,Tampa,FL,33602,,Parcel,Placed on Map,,Everyday,N/A,http://www.tampagov.net/parks-and-recreation,,,,,No,No,No,No,No,No,No,No,No,No,No,No,No,No,No,No,No,No,No,No,No,No,No,No,No,No,No,No,No,No,No,No,No,No,,N/A,{511B161F-C459-4B28-A734-EE5C8727F181},,,DPD3,2015-01-12T16:33:44.000Z,17R LL 563 927
-82.475459158220417,27.962232150803388,39498,227,Dr Martin Luther King Jr Park,Tampa,Municipal,820,Park,2200 N Oregon Ave,Tampa,FL,33607,813-259-1667,,,,,,,,,,,No,Yes,No,No,No,Yes,No,No,No,No,No,No,No,No,No,Yes,Yes,Yes,No,No,No,No,No,No,No,No,No,No,No,No,No,No,No,No,,,{12F1D803-AB11-4101-86E1-EFD8B14ED742},DP7D,2015-05-14T16:39:48.000Z,DP7D,2015-05-14T16:46:25.000Z,
-82.467417409032734,27.989337640704758,39402,122,Rivercrest Park,Tampa,Municipal,820,Park,4802 N River Blvd,Tampa,FL,33603,,Parcel,Placed on Map,,Everyday,N/A,http://www.tampagov.net/parks-and-recreation,,,,,No,No,No,No,Yes,No,No,No,No,No,No,Yes,No,No,Yes,No,Yes,No,Yes,Yes,No,Yes,No,No,No,No,No,No,No,No,No,No,No,No,,N/A,{CF919BDB-744D-4B42-8D4C-F268233F56AE},,,DPD3,2015-01-12T16:33:44.000Z,17R LL 556 968
-82.526624482472286,27.866895989250519,39422,135,Spanish American War Memorial Park,Tampa,Municipal,820,Park,4752 W Prescott St,Tampa,FL,33616,,Parcel,Placed on Map,,Everyday,N/A,http://www.tampagov.net/parks-and-recreation,,,,,No,No,No,No,No,No,No,No,No,No,No,Yes,No,No,No,No,Yes,No,Yes,Yes,No,No,No,No,No,No,No,No,No,No,No,No,No,No,,N/A,{D310F79C-24E1-4C10-A52A-F2AE9DFB7EF1},,,DPD3,2015-01-12T16:33:44.000Z,17R LL 497 833
-82.449662402145634,27.957225456043158,39409,181,Tampa Park Plaza,Tampa,Municipal,820,Park,1314 Scott St,Tampa,FL,33605,813-274-8332,Parcel,Placed on Map,,Everyday,N/A,http://www.tampagov.net/parks-and-recreation,,,,,No,Yes,No,No,No,No,No,No,No,No,No,No,No,No,No,Yes,Yes,No,Yes,Yes,No,No,No,Yes,No,No,No,,,No,No,No,No,No,,N/A,{4BE13B6D-0F44-4528-96F8-F4FCD82EA90D},,,DPD3,2015-01-12T16:33:44.000Z,17R LL 574 933
-82.396979369082516,27.965590881671261,39367,97,Oak Park,Tampa,Municipal,820,Park,5215 E 15th Ave,Tampa,FL,33619,813-622-1904,Parcel,Placed on Map,,Everyday,N/A,http://www.tampagov.net/parks-and-recreation,,,,,No,Yes,No,No,No,Yes,No,No,No,No,No,No,No,No,No,No,No,No,Yes,Yes,No,No,No,Yes,No,No,No,No,No,Yes,No,No,No,No,,N/A,{34ACF7EA-F458-4C1B-8B6D-F5CBF03061A5},,,rck8,2017-02-03T12:37:05.000Z,17R LL 625 941
-82.485836673850486,27.950024902913896,39342,150,Vila Brothers Park,Tampa,Municipal,820,Park,700 N Armenia Ave,Tampa,FL,33609,,Parcel,Placed on Map,,Everyday,N/A,http://www.tampagov.net/parks-and-recreation,,,,,No,No,No,No,No,No,No,No,No,No,No,No,No,No,No,No,Yes,No,No,No,No,No,No,Yes,No,No,No,No,No,Yes,No,No,No,No,,N/A,{199CD518-0052-429D-8DD4-F64057336D36},,,DPD3,2015-01-12T16:33:44.000Z,17R LL 538 925
-82.422999784234065,27.979134609467035,39401,178,Jackson Heights Park,Tampa,Municipal,820,Community / Recreation Center,3310 E Lake Ave,Tampa,FL,33610,813-242-5346,Parcel,Placed on Map,,Everyday,N/A,http://www.tampagov.net/parks-and-recreation,,,,,No,No,No,No,No,Yes,No,No,No,No,No,No,No,No,No,No,Yes,No,Yes,No,No,No,No,No,No,No,No,No,No,Yes,No,No,No,No,,N/A,{7B5E70BD-BCBE-44EE-9960-F79593A032CA},,,DPD3,2015-01-12T16:33:44.000Z,17R LL 600 957
-82.465499323849173,27.936977776885364,39346,8,Bayshore Boulevard Linear Park,Tampa,Municipal,820,Park,312 Bayshore Blvd,Tampa,FL,33629,,Parcel,Placed on Map,"Currently, 4.5 miles of the world's longest continuous sidewalk exists along Bayshore Boulevard and Hillsborough Bay in South Tampa. This 10-foot-wide sidewalk starts on the north at Columbus Statue Park and ends at Gandy Boulevard. A 3-mile, on-road bi*",Everyday,N/A,http://www.tampagov.net/parks-and-recreation,,,,,No,No,No,No,No,No,No,No,No,No,No,No,No,Yes,No,No,No,No,No,No,No,Yes,No,No,No,No,No,No,No,No,No,No,No,No,,N/A,{C030A806-8698-4EBE-838C-FA7B19DE9DD6},,,DP7D,2016-08-17T11:32:26.000Z,17R LL 563 914
-82.490320971289307,27.924901079149837,39405,127,Palma Ceia Park,Tampa,Municipal,820,Park,2200 S Marti St,Tampa,FL,33629,,Parcel,Placed on Map,,Everyday,N/A,http://www.tampagov.net/parks-and-recreation,,,,,No,No,No,No,No,No,No,No,Yes,No,No,Yes,No,No,No,No,Yes,No,Yes,Yes,No,No,No,Yes,No,No,No,,,No,No,No,No,No,,N/A,{48D2CA10-4DD5-4680-9588-FBFA068439D3},,,DPD3,2015-01-12T16:33:44.000Z,17R LL 533 897
-82.438276342278428,28.019629055904662,39399,121,River Cove Park,Tampa,Municipal,820,Park,1901 E Mulberry Dr.,Tampa,FL,33604,,Parcel,Placed on Map,,Everyday,N/A,http://www.tampagov.net/parks-and-recreation,,,,,No,No,No,No,No,No,No,No,No,No,No,No,No,No,No,No,No,No,No,No,No,No,No,No,No,No,No,No,No,No,No,No,No,No,,N/A,{0CB411A4-E7EA-4D51-AECC-FC27FF24DD61},,,rck8,2017-03-17T15:10:42.000Z,17R LM 586 002
-82.462333424850229,28.021894107092102,39457,112,Purity Springs,Tampa,Municipal,820,Park,,Tampa,FL,,,Parcel,Placed on Map,"Purity Springs is a 1.15-acre park with plenty of benches and picnic tables alongside the Hillsborough River. Take in the scenery, quietness and enjoy a picnic with the family!",,,http://www.tampagov.net/parks-and-recreation,,,,,No,No,No,No,No,No,No,No,No,No,No,No,No,No,No,No,No,No,No,No,No,No,No,No,No,No,No,No,No,No,No,No,No,No,,,{ED3CE3FC-ED36-40E4-8826-FC61F5EB2840},,,rck8,2015-05-01T14:22:35.000Z,17R LM 562 004
